gacc,abbrev,psa,fuel_model,n_stations,n_with_data,n_days,erc_mean,erc_p80,erc_p90,erc_p95,erc_p97,ic_mean,ic_p80,ic_p90,ic_p95,ic_p97,bi_mean,bi_p80,bi_p90,bi_p95,bi_p97,sc_mean,sc_p80,sc_p90,sc_p95,sc_p97,fm1_mean,fm1_p80,fm1_p90,fm1_p95,fm1_p97,fm10_mean,fm10_p80,fm10_p90,fm10_p95,fm10_p97,fm100_mean,fm100_p80,fm100_p90,fm100_p95,fm100_p97,fm1000_mean,fm1000_p80,fm1000_p90,fm1000_p95,fm1000_p97,kbdi_mean,kbdi_p80,kbdi_p90,kbdi_p95,kbdi_p97
Eastern Area Coordination Center,EACC,EA01,Z,7,7,7305,16.5,26.7,38.3,51.2,57.7,6.8,12.5,18.1,24.2,28.3,21.7,40.0,53.4,62.6,68.1,9.1,13.3,24.8,38.1,46.5,19.3,32.6,32.6,32.6,32.6,17.8,25.2,25.2,25.2,25.2,19.4,23.2,23.2,23.2,23.2,20.2,23.0,23.1,23.1,23.1,61.4,100.6,145.3,178.0,205.6
Eastern Area Coordination Center,EACC,EA02,Z,5,5,7305,19.6,28.5,42.3,55.2,60.4,8.0,13.9,19.4,24.8,28.2,26.8,44.8,56.2,64.7,70.7,12.1,18.5,30.0,41.6,49.3,17.1,28.6,32.6,32.6,32.6,16.5,23.0,25.2,25.2,25.2,18.7,22.1,23.0,23.2,23.2,19.6,22.0,22.7,22.9,23.1,114.2,184.6,269.1,318.2,337.2
Eastern Area Coordination Center,EACC,EA03,Z,5,5,7305,15.2,25.3,36.8,50.4,58.4,6.2,12.0,17.9,23.7,27.4,19.4,35.5,50.1,58.9,64.9,7.8,11.0,21.7,34.6,42.9,20.1,32.6,32.6,32.6,32.6,18.4,25.2,25.2,25.2,25.2,19.7,23.2,23.2,23.2,23.3,20.5,23.1,23.1,23.1,23.1,51.8,89.6,143.4,188.2,212.0
Eastern Area Coordination Center,EACC,EA04,Z,7,7,7305,28.3,52.8,60.4,65.5,68.1,7.9,15.9,21.5,26.5,29.5,26.9,48.7,55.8,61.5,64.7,5.2,9.3,11.4,13.2,14.6,19.3,32.6,32.6,32.6,32.6,18.0,25.2,25.2,25.2,25.2,19.7,23.2,23.2,23.2,23.3,20.5,23.0,23.1,23.1,23.1,65.4,120.6,166.9,223.8,256.3
Eastern Area Coordination Center,EACC,EA05,X,4,4,7305,25.0,43.5,55.3,63.5,67.5,7.2,12.3,18.3,24.0,27.6,53.0,96.5,125.6,146.2,157.6,27.3,50.3,72.1,91.3,104.7,17.0,28.5,32.6,32.6,32.6,16.7,24.1,25.2,25.2,25.2,19.0,22.5,23.2,23.2,23.3,20.0,22.4,23.0,23.1,23.4,113.8,192.2,301.2,404.5,413.5
Eastern Area Coordination Center,EACC,EA06,Z,4,4,7305,15.7,26.6,35.6,48.5,55.0,6.0,11.5,16.8,22.0,26.0,19.7,35.9,47.4,56.1,61.1,7.4,10.9,19.9,29.5,35.9,19.9,32.6,32.6,32.6,32.6,18.3,25.2,25.2,25.2,25.2,20.0,23.2,23.2,23.2,23.4,20.8,23.1,23.1,23.2,23.5,85.1,169.6,248.4,255.3,274.2
Eastern Area Coordination Center,EACC,EA07,Z,5,5,7305,16.9,26.6,36.6,49.9,55.9,6.4,11.8,17.0,21.8,25.3,20.5,35.9,45.5,52.8,57.1,7.5,11.5,19.4,26.8,31.1,18.1,32.6,32.6,32.6,32.6,17.4,25.2,25.2,25.2,25.2,19.5,23.1,23.2,23.2,23.4,20.4,22.8,23.1,23.1,23.3,77.9,155.9,216.0,254.3,283.6
Eastern Area Coordination Center,EACC,EA08,Z,2,2,7305,18.4,26.2,37.5,50.6,55.6,6.4,11.1,15.4,19.7,23.2,21.8,35.4,44.9,51.1,55.1,7.6,11.4,18.0,25.2,30.0,16.8,24.7,32.6,32.6,32.6,16.6,22.1,25.2,25.2,25.2,19.1,22.3,23.2,23.3,23.7,20.2,22.4,22.9,23.2,23.4,88.9,184.0,251.0,295.5,329.0
Eastern Area Coordination Center,EACC,EA09,Z,4,4,7305,23.0,31.1,45.5,55.8,60.5,9.5,15.8,21.2,25.4,28.6,31.8,48.8,58.7,67.3,73.3,14.9,23.5,36.2,49.3,58.5,14.4,19.4,27.1,32.6,32.6,15.0,18.9,22.9,25.2,25.2,18.0,20.4,22.1,23.0,23.2,19.1,20.8,21.8,22.5,22.7,175.6,286.2,378.5,437.9,465.8
Eastern Area Coordination Center,EACC,EA10,Z,2,2,7305,22.4,29.2,44.4,54.4,58.8,8.2,13.2,17.3,21.3,24.3,27.8,42.1,50.1,56.6,61.4,11.3,17.5,26.9,36.5,42.5,14.1,19.1,23.8,31.7,32.6,15.2,18.9,21.8,25.2,25.2,18.3,20.7,22.1,23.0,23.4,19.5,21.2,22.0,22.5,22.8,163.2,292.0,365.0,425.0,472.0
Eastern Area Coordination Center,EACC,EA11,Z,2,2,7305,21.0,27.3,42.5,54.0,60.5,7.6,11.9,16.6,21.7,25.0,25.7,40.6,48.5,55.4,59.9,9.7,15.0,23.8,31.9,37.4,14.8,20.6,25.2,32.6,32.6,15.6,19.7,23.4,25.2,25.2,18.7,21.5,22.8,23.3,23.9,19.9,21.9,22.7,23.1,23.4,127.2,256.5,324.5,379.5,408.5
Eastern Area Coordination Center,EACC,EA12,Z,2,2,7305,24.8,32.7,48.3,57.7,62.0,9.8,15.7,20.6,25.3,28.6,31.6,46.6,55.1,62.0,67.0,13.9,23.1,34.0,43.7,50.5,12.9,16.1,22.0,27.3,32.6,14.4,17.9,21.3,24.7,25.2,17.8,20.1,21.7,22.8,23.6,19.1,20.8,21.7,22.4,22.8,201.6,363.0,449.5,534.0,568.5
Eastern Area Coordination Center,EACC,EA13,Z,3,3,7305,25.0,32.6,47.7,57.3,62.0,9.6,15.3,19.7,24.0,27.0,29.8,44.2,51.5,57.1,61.3,11.5,18.8,27.1,34.6,39.2,12.4,15.4,20.1,25.2,28.0,14.2,17.3,21.0,23.9,25.2,17.9,20.2,21.9,23.2,24.1,19.3,21.0,22.0,22.7,23.3,205.7,396.3,486.0,548.8,584.1
Eastern Area Coordination Center,EACC,EA14,Z,4,4,7305,22.5,29.9,43.1,52.4,57.0,7.2,11.5,15.1,18.6,20.9,23.6,35.5,41.5,46.2,49.2,7.3,12.0,17.4,22.2,25.6,13.2,16.7,21.5,26.6,30.9,15.0,18.4,21.9,25.1,25.2,18.6,21.1,22.6,23.7,24.8,19.9,21.8,22.7,23.5,24.1,206.5,404.5,502.2,565.8,591.7
Eastern Area Coordination Center,EACC,EA15,Z,2,2,7305,22.1,28.5,45.1,56.8,61.9,9.0,14.6,20.1,25.5,29.5,29.2,45.9,55.6,62.8,67.8,12.3,18.7,30.3,41.7,50.2,14.0,18.1,24.3,32.6,32.6,15.3,19.4,23.6,25.2,25.2,18.6,21.5,22.9,23.7,24.5,19.9,22.0,22.8,23.5,23.9,170.2,340.0,436.3,495.5,523.5
Eastern Area Coordination Center,EACC,EA16,Z,4,4,7305,24.3,33.9,42.7,52.8,58.3,7.4,12.1,16.2,19.7,22.1,24.5,36.5,42.6,47.3,51.3,6.7,10.2,15.1,19.9,23.1,14.0,18.0,24.7,31.5,32.6,15.4,19.7,23.8,25.2,25.2,18.7,21.4,22.8,23.7,24.4,19.9,21.9,22.7,23.3,23.7,158.4,305.6,387.4,456.2,498.1
Eastern Area Coordination Center,EACC,EA17,Z,4,4,7305,27.5,38.2,46.0,53.2,57.5,8.0,12.9,16.8,21.7,24.5,26.6,38.4,44.7,50.7,54.4,7.2,11.0,17.0,22.4,26.3,14.1,18.3,26.4,30.8,32.6,15.5,19.7,23.5,25.2,25.2,18.7,21.2,22.5,23.2,24.2,19.9,21.7,22.4,23.0,23.3,125.7,232.1,310.5,373.1,415.9
Eastern Area Coordination Center,EACC,EA18,Z,3,3,7305,17.6,27.5,37.7,47.9,53.9,6.2,11.0,15.5,20.5,24.0,20.6,35.3,43.0,49.0,53.1,7.2,11.3,18.0,25.1,29.5,17.2,28.3,32.6,32.6,32.6,17.2,24.6,25.2,25.2,25.2,19.5,22.9,23.2,23.5,23.9,20.5,22.8,23.1,23.4,23.7,264.9,336.0,400.7,445.3,470.4
Eastern Area Coordination Center,EACC,EA19,Z,3,3,7305,19.5,26.8,38.5,50.0,55.1,6.9,11.1,14.8,19.4,22.8,22.8,35.4,43.0,49.3,53.1,8.4,13.3,20.8,27.5,31.7,15.9,24.3,28.0,32.6,32.6,16.4,21.1,24.4,25.2,25.2,19.1,21.7,22.8,23.2,23.5,20.2,22.0,22.6,23.0,23.4,114.9,210.7,293.2,375.3,409.7
Eastern Area Coordination Center,EACC,EA20,X,3,3,7305,12.6,21.4,26.9,33.9,39.5,4.3,7.9,11.6,16.3,19.9,16.8,26.0,39.8,53.3,68.7,6.1,9.4,17.7,26.1,31.5,19.7,32.6,32.6,32.6,32.6,18.7,25.2,25.2,25.2,25.2,20.4,23.2,23.2,23.3,23.9,21.2,23.1,23.1,23.4,23.9,78.6,152.2,224.9,271.6,308.7
Eastern Area Coordination Center,EACC,EA21,Z,4,4,7305,19.1,33.4,39.8,45.9,50.6,5.6,10.3,14.3,18.4,21.1,17.7,30.5,36.2,42.1,45.3,3.9,6.0,9.7,13.3,15.3,18.9,32.6,32.6,32.6,32.6,18.3,25.2,25.2,25.2,25.2,20.2,23.2,23.2,23.3,24.1,21.1,23.0,23.1,23.4,24.0,89.3,186.9,270.2,334.2,370.1
Eastern Area Coordination Center,EACC,EA22,Z,3,3,7305,16.1,22.8,32.4,44.2,50.7,4.9,8.4,11.6,14.6,17.2,17.9,29.3,35.5,40.7,43.7,5.8,9.1,14.9,19.9,23.0,17.6,25.9,32.6,32.6,32.6,17.3,22.7,25.2,25.2,25.4,19.9,22.6,23.2,23.6,24.3,21.1,22.8,23.1,23.7,24.2,96.5,206.0,304.9,368.0,414.1
Eastern Area Coordination Center,EACC,EA23,Z,3,3,7305,19.6,26.8,37.8,48.6,53.2,6.8,11.1,15.0,18.8,21.6,24.4,38.7,46.6,52.5,56.6,9.5,15.0,24.2,32.2,36.9,15.3,20.8,27.3,32.6,32.6,15.9,20.8,24.3,25.2,25.2,19.1,21.7,22.8,23.3,24.0,20.4,22.1,22.7,23.2,23.8,123.4,255.3,333.7,390.0,423.7
Eastern Area Coordination Center,EACC,EA24,Z,6,6,7305,21.8,28.4,41.6,50.1,54.2,7.9,12.4,15.8,19.1,21.7,26.4,39.0,45.3,50.5,53.8,9.9,15.7,24.0,30.2,35.0,13.4,16.8,21.3,26.3,29.2,15.1,18.2,21.5,24.3,25.2,18.8,21.1,22.4,23.7,24.5,20.3,22.1,22.9,23.7,24.3,167.2,317.0,427.2,507.0,542.1
Great Basin Coordination Center,GBCC,GB01,Y,6,6,7305,23.6,44.8,52.7,56.7,58.5,15.9,33.9,46.4,53.9,58.0,31.8,59.5,76.6,85.8,90.7,17.5,34.4,47.4,57.5,62.9,17.4,31.6,32.6,32.6,32.6,15.6,24.6,25.2,25.2,25.2,16.6,22.6,23.2,23.2,23.2,17.1,22.4,22.9,23.1,23.1,202.9,368.6,444.3,478.6,501.5
Great Basin Coordination Center,GBCC,GB02,Y,7,7,7305,24.6,45.0,52.2,55.9,57.5,18.5,38.4,51.2,60.2,64.8,36.4,69.1,85.5,95.6,102.1,22.0,44.7,60.0,72.3,80.1,16.8,32.6,32.6,32.6,32.6,15.4,25.1,25.2,25.2,25.2,16.5,22.8,23.2,23.2,23.2,17.0,22.5,22.9,23.1,23.1,294.6,386.1,459.0,501.5,510.3
Great Basin Coordination Center,GBCC,GB03,Y,5,5,7305,31.4,50.7,57.5,60.3,61.9,26.7,53.2,66.1,73.5,77.4,52.8,89.4,103.7,113.1,118.8,36.6,67.6,83.3,95.7,105.6,12.8,23.7,29.0,32.6,32.6,12.9,20.2,23.2,25.1,25.2,14.7,19.8,21.7,22.4,22.8,15.4,19.8,21.3,21.9,22.2,402.4,522.4,563.8,592.3,607.4
Great Basin Coordination Center,GBCC,GB04,Y,3,3,7305,22.8,45.9,53.9,57.4,59.2,12.6,27.5,36.6,42.6,45.8,23.1,46.8,58.3,64.1,67.3,8.1,17.5,23.0,26.4,28.5,18.3,32.6,32.6,32.6,32.6,16.2,25.2,25.2,25.2,25.2,16.9,23.2,23.2,23.2,23.2,17.3,23.0,23.1,23.1,23.1,198.8,430.0,508.0,544.7,557.7
Great Basin Coordination Center,GBCC,GB05,Y,4,4,7305,19.3,43.2,49.8,53.2,54.9,14.4,33.6,44.4,51.6,55.1,27.4,62.3,77.6,85.4,90.0,15.7,36.2,48.8,57.6,63.1,20.5,32.6,32.6,32.6,32.6,17.7,25.2,25.2,25.2,25.2,18.0,23.2,23.2,23.2,23.2,18.4,23.1,23.1,23.1,23.1,205.4,327.6,388.3,430.5,456.5
Great Basin Coordination Center,GBCC,GB06,Y,6,6,7305,30.9,51.0,57.8,61.0,62.4,25.9,51.7,64.8,72.0,75.7,53.5,92.0,107.4,118.0,123.5,39.0,73.3,91.6,105.3,113.2,13.3,24.3,30.5,32.6,32.6,13.1,20.5,24.0,25.2,25.2,14.8,20.3,22.0,22.9,23.2,15.5,20.3,21.6,22.2,22.7,380.2,487.4,547.8,597.2,611.0
Great Basin Coordination Center,GBCC,GB07,Y,3,3,7305,29.5,49.7,56.6,60.0,61.5,20.9,40.9,53.1,61.1,65.1,47.8,84.9,100.0,110.0,115.3,33.7,66.7,83.3,96.1,105.1,14.6,27.2,32.6,32.6,32.6,13.5,22.3,25.2,25.2,25.2,14.7,20.6,22.7,23.2,23.2,15.2,20.4,21.9,22.7,22.9,255.2,373.7,423.0,456.1,489.7
Great Basin Coordination Center,GBCC,GB08,Y,5,5,7305,26.2,46.7,53.9,57.5,59.2,18.9,38.5,49.8,57.4,61.9,37.1,68.3,81.7,90.6,95.8,21.2,41.7,53.8,62.9,68.8,16.0,30.6,32.6,32.6,32.6,14.7,23.9,25.2,25.2,25.2,15.9,22.2,23.2,23.2,23.2,16.5,21.8,22.7,23.0,23.1,259.8,405.2,438.2,478.8,502.2
Great Basin Coordination Center,GBCC,GB09,Y,3,3,7305,18.7,39.1,47.1,51.3,53.6,10.6,23.3,32.5,39.2,43.3,21.2,45.1,57.3,65.4,70.8,9.1,19.5,27.7,35.1,40.4,20.2,32.6,32.6,32.6,32.6,17.3,25.2,25.2,25.2,25.2,17.8,23.2,23.2,23.2,23.2,18.2,23.1,23.1,23.1,23.1,139.9,240.7,318.7,361.7,384.1
Great Basin Coordination Center,GBCC,GB10,Y,6,6,7305,16.8,36.5,41.9,45.2,47.5,12.6,29.9,39.5,45.8,49.0,11.5,26.0,29.2,31.7,33.1,1.5,3.2,3.7,4.2,4.5,21.1,32.6,32.6,32.6,32.6,18.3,25.2,25.2,25.2,25.2,18.7,23.2,23.2,23.2,23.2,19.1,23.1,23.1,23.1,23.1,138.8,240.5,293.3,331.5,354.5
Great Basin Coordination Center,GBCC,GB11,Y,4,4,7305,34.4,53.2,57.1,59.3,60.4,27.9,49.7,58.1,63.2,66.4,51.4,84.3,94.5,102.2,106.7,32.2,57.2,69.0,80.0,87.0,12.6,21.0,32.6,32.6,32.6,12.5,18.9,24.5,25.2,25.2,13.9,18.9,21.5,22.6,23.1,14.5,19.1,20.9,21.8,22.3,313.7,471.0,544.8,575.4,604.5
Great Basin Coordination Center,GBCC,GB12,Y,5,5,7305,37.5,55.1,59.3,61.2,62.5,30.1,54.6,63.3,69.5,72.4,58.0,92.3,104.8,112.6,117.2,38.6,70.4,84.6,97.6,105.9,10.6,16.6,25.5,32.6,32.6,11.4,16.4,21.5,24.9,25.2,13.1,17.3,20.0,21.8,22.6,13.8,17.5,19.5,20.8,21.6,381.2,551.2,607.8,650.9,668.8
Great Basin Coordination Center,GBCC,GB13,Y,2,2,7305,41.1,60.1,64.6,66.6,67.8,36.3,66.3,77.2,83.0,86.5,66.1,104.3,121.3,133.5,140.5,45.7,81.6,104.7,124.1,136.9,9.6,14.2,22.2,32.6,32.6,10.4,14.8,19.4,24.6,25.2,12.2,16.5,19.3,21.0,22.0,12.9,16.7,18.9,20.4,21.1,537.2,635.0,696.0,716.5,724.0
Great Basin Coordination Center,GBCC,GB14,Y,7,7,7305,37.1,57.0,62.7,65.2,66.6,30.3,58.3,70.4,77.3,80.7,58.8,96.0,109.7,119.7,125.4,39.6,70.9,87.6,101.1,110.8,11.3,18.7,26.8,32.6,32.6,11.5,17.1,21.9,25.0,25.2,13.0,17.8,20.5,22.1,22.7,13.6,17.7,20.1,21.3,21.8,460.2,563.3,602.8,643.4,654.9
Great Basin Coordination Center,GBCC,GB15,Y,4,4,7305,35.7,55.8,61.2,63.9,65.1,32.5,61.1,73.3,79.7,83.2,58.6,98.8,112.6,121.6,127.2,40.1,73.9,90.6,104.0,113.5,12.0,22.8,32.6,32.6,32.6,12.0,19.6,25.2,25.2,25.2,13.5,18.8,22.0,23.0,23.2,14.3,18.9,21.3,22.3,22.7,434.8,557.0,602.8,627.8,642.2
Great Basin Coordination Center,GBCC,GB16,Y,2,2,7305,42.1,58.5,63.6,66.5,68.1,36.9,62.8,74.4,81.7,86.4,67.2,103.9,118.7,129.8,137.5,46.7,82.8,101.8,118.3,130.4,9.3,13.8,22.0,32.6,32.6,10.1,14.1,19.2,25.1,25.2,11.9,15.9,19.1,21.0,22.4,12.8,16.3,18.8,20.4,21.3,450.7,572.5,625.0,661.0,665.0
Great Basin Coordination Center,GBCC,GB17,Y,2,2,7305,37.0,58.0,64.0,66.5,67.9,32.3,63.0,76.1,82.8,86.2,59.1,98.4,114.7,125.0,131.3,39.8,73.9,92.7,106.8,117.6,11.3,20.8,32.6,32.6,32.6,11.5,18.3,24.7,25.2,25.2,13.2,18.0,21.0,22.6,23.1,13.8,18.3,20.2,21.3,22.1,480.3,605.0,643.5,684.5,693.5
Great Basin Coordination Center,GBCC,GB18,Y,3,3,7305,29.6,50.9,57.4,60.6,61.9,26.8,54.8,68.4,75.9,79.9,53.2,98.0,115.3,125.8,132.1,40.2,80.1,100.3,114.4,123.7,14.6,28.8,32.6,32.6,32.6,13.9,23.0,25.2,25.2,25.2,15.1,21.2,23.2,23.2,23.2,15.7,21.0,22.4,23.1,23.1,381.5,526.3,570.0,593.0,602.6
Great Basin Coordination Center,GBCC,GB19,Y,3,3,7305,35.3,55.5,61.2,63.9,65.5,29.5,55.9,69.3,76.9,81.4,56.5,94.9,109.9,122.3,129.9,38.7,71.1,91.1,107.9,118.4,12.2,23.8,32.6,32.6,32.6,12.0,19.8,24.8,25.2,25.2,13.5,18.7,21.5,22.7,23.1,14.2,18.8,21.0,22.0,22.4,477.9,612.1,651.7,667.3,670.3
Great Basin Coordination Center,GBCC,GB20,Y,4,4,7305,36.0,55.2,60.6,63.3,64.9,30.8,56.4,68.7,76.1,80.1,56.6,93.6,107.2,119.1,125.9,37.6,67.3,85.4,101.4,112.0,11.9,21.7,31.7,32.6,32.6,11.9,18.9,24.0,25.2,25.2,13.4,18.6,21.6,22.8,23.1,14.2,18.8,20.9,22.1,22.4,416.1,535.2,574.2,609.8,622.2
Great Basin Coordination Center,GBCC,GB21,Y,3,3,7305,43.5,58.7,64.3,68.0,70.0,39.4,64.6,76.0,83.7,88.0,71.9,107.4,121.7,133.5,140.8,51.5,86.3,104.8,123.0,135.1,8.7,12.8,23.8,25.1,27.8,9.6,13.4,19.6,21.1,23.1,11.5,15.2,18.5,20.5,21.2,12.4,15.4,18.2,20.1,20.6,400.3,532.3,578.7,615.0,651.7
Great Basin Coordination Center,GBCC,GB22,Y,1,1,5577,50.7,64.1,68.7,71.5,73.4,47.0,72.9,82.5,88.8,91.7,79.7,113.7,127.2,137.8,144.9,55.7,93.4,112.8,130.4,140.0,6.2,8.1,10.2,13.3,16.9,7.7,10.0,12.0,14.7,17.4,9.8,12.4,14.7,16.9,18.4,10.6,13.2,15.3,16.7,17.5,520.4,670.0,704.0,715.0,750.0
Great Basin Coordination Center,GBCC,GB23,Y,2,2,7305,43.5,57.0,62.2,65.6,67.2,34.2,54.1,66.0,74.7,79.1,60.7,87.8,100.6,112.5,120.7,35.1,55.2,73.5,92.4,105.7,8.3,10.1,19.9,23.7,32.6,9.5,12.0,18.0,20.9,24.8,11.4,14.7,17.9,20.0,20.9,12.3,15.4,17.7,19.5,20.3,271.3,408.0,494.5,565.4,593.0
Great Basin Coordination Center,GBCC,GB24,Y,1,1,7305,52.1,65.6,70.5,73.8,75.6,46.4,73.5,85.5,92.5,96.5,78.3,111.8,128.9,141.5,148.9,51.3,85.9,111.9,131.8,146.7,5.7,7.7,9.6,11.8,13.7,7.4,9.9,11.9,13.9,15.5,9.5,12.3,14.6,16.7,18.1,10.3,13.2,15.1,16.8,17.7,501.7,660.0,693.0,713.0,717.0
Great Basin Coordination Center,GBCC,GB25,Y,6,6,7305,36.1,56.0,62.9,66.6,68.4,28.9,54.8,66.7,73.3,77.0,25.2,38.5,42.9,46.1,48.1,3.3,5.0,5.9,6.8,7.4,12.0,20.9,29.6,32.6,32.6,12.0,18.5,23.5,25.2,25.2,13.6,18.4,21.5,22.7,23.1,14.3,18.7,20.7,22.1,22.5,419.3,538.7,582.7,612.3,628.0
Great Basin Coordination Center,GBCC,GB26,Y,4,4,7305,25.4,47.4,53.7,57.1,58.9,19.8,41.9,52.8,59.0,62.8,17.9,34.0,37.8,40.3,41.8,2.4,4.4,5.0,5.5,5.9,17.8,32.6,32.6,32.6,32.6,15.8,25.2,25.2,25.2,25.2,16.5,22.7,23.2,23.2,23.2,16.9,22.2,22.9,23.1,23.1,266.7,387.2,443.8,491.0,515.9
Great Basin Coordination Center,GBCC,GB27,Y,3,3,7305,38.1,58.5,64.8,68.2,70.3,32.7,61.2,73.2,81.0,85.0,27.7,42.3,47.8,51.9,54.3,3.8,5.8,7.1,8.3,8.9,11.6,21.3,32.6,32.6,32.6,11.6,18.7,25.1,25.2,25.2,13.2,18.5,21.5,22.8,23.2,13.9,18.4,20.8,22.0,22.5,468.2,586.7,634.7,652.9,678.0
Great Basin Coordination Center,GBCC,GB28,Y,4,4,7305,33.6,52.6,59.7,63.5,66.1,25.6,47.5,59.2,66.7,71.3,23.2,36.8,41.0,44.6,47.2,3.0,4.8,5.7,6.7,7.4,13.7,26.8,32.6,32.6,32.6,12.8,21.8,25.2,25.2,25.2,14.1,20.6,22.3,23.0,23.2,14.9,20.2,21.9,22.6,22.8,266.2,345.0,404.2,460.5,495.2
Great Basin Coordination Center,GBCC,GB29,Y,7,7,7305,29.9,48.0,54.6,59.2,61.9,23.9,45.3,57.4,65.1,69.2,22.0,35.6,40.2,43.6,45.9,3.0,4.8,5.8,6.7,7.3,14.8,27.8,32.6,32.6,32.6,13.8,22.4,25.2,25.2,25.2,15.1,20.9,22.8,23.2,23.2,15.8,20.6,22.4,22.9,23.0,228.6,324.3,365.7,418.9,473.4
Great Basin Coordination Center,GBCC,GB30,Y,1,1,7305,23.7,47.3,54.5,58.6,60.9,17.5,39.4,51.4,59.2,63.7,16.6,34.1,38.9,42.8,45.0,2.2,4.4,5.4,6.3,6.9,19.3,32.6,32.6,32.6,32.6,16.5,25.2,25.2,25.2,25.2,16.8,23.2,23.2,23.2,23.2,17.3,23.1,23.1,23.1,23.1,240.1,371.0,420.0,508.0,509.0
Great Basin Coordination Center,GBCC,GB31,Y,4,4,7305,34.6,51.3,58.4,63.3,66.1,27.4,49.4,61.6,69.2,73.3,24.0,36.0,40.9,44.4,47.0,3.1,4.7,5.7,6.7,7.4,12.7,20.6,28.1,32.6,32.6,12.5,18.2,22.9,25.2,25.2,13.9,18.2,21.5,23.1,23.2,14.7,18.5,20.8,22.3,22.8,292.5,387.5,440.9,471.3,497.4
Great Basin Coordination Center,GBCC,GB32,Y,3,3,7305,34.6,51.0,58.7,63.4,66.3,26.4,47.1,59.1,67.7,72.3,22.3,33.3,37.6,40.7,42.6,2.6,3.9,4.6,5.2,5.8,12.4,20.6,32.4,32.6,32.6,12.2,18.2,24.4,25.2,25.2,13.8,18.7,21.4,22.8,23.2,14.7,18.9,20.9,22.0,22.4,265.6,383.4,444.5,484.0,494.0
Great Basin Coordination Center,GBCC,GB33,Y,3,3,7305,39.1,55.8,63.1,68.1,70.3,35.8,62.3,74.1,82.6,87.1,30.2,43.3,48.9,53.5,56.4,4.4,6.4,7.8,9.0,9.9,10.0,14.3,25.8,32.6,32.6,10.8,14.9,21.6,25.2,25.2,12.8,16.8,20.1,22.1,22.7,13.7,17.0,19.6,21.2,21.7,412.3,523.7,582.0,630.7,660.7
Great Basin Coordination Center,GBCC,GB34,Y,6,6,7305,29.7,47.2,54.6,59.3,61.8,22.9,42.6,54.2,62.5,66.7,19.2,31.0,35.2,38.2,39.8,2.3,3.6,4.2,4.7,5.1,14.4,30.9,32.6,32.6,32.6,13.8,24.2,25.2,25.2,25.2,15.1,21.6,23.2,23.2,23.2,16.0,21.3,22.6,23.0,23.1,170.9,264.8,351.2,448.7,468.0
Great Basin Coordination Center,GBCC,GB35,Y,7,7,7305,43.5,57.1,63.9,68.0,70.2,35.2,55.8,67.7,75.5,79.4,62.1,87.4,99.3,109.2,117.1,38.9,60.5,73.6,86.4,97.8,8.6,12.3,19.0,23.3,26.1,9.4,12.9,17.4,20.2,21.6,11.4,15.0,17.9,19.5,20.4,12.2,15.2,17.8,19.2,19.9,297.7,414.7,489.7,526.5,547.9
Northern California Geographic Area,ONCC,NC01,Y,5,5,7305,18.4,29.0,33.4,36.6,38.5,9.7,16.9,22.9,28.2,31.8,26.1,42.4,50.8,56.9,60.6,12.9,23.9,30.8,36.2,39.6,13.9,18.7,23.2,26.6,28.3,15.6,20.3,24.4,27.4,29.2,19.2,23.3,25.8,27.4,28.2,20.7,24.4,26.0,27.2,27.7,286.8,631.6,708.2,731.0,738.6
Northern California Geographic Area,ONCC,NC02,Y,5,5,7305,29.1,44.2,48.7,51.3,53.1,21.1,37.9,46.2,52.5,56.5,40.1,65.2,72.7,77.4,80.1,20.6,38.0,44.0,47.9,50.8,10.2,14.5,19.5,23.6,25.8,12.7,16.8,21.0,24.2,26.1,16.3,20.6,23.3,25.2,26.2,17.6,21.7,23.7,25.0,25.7,367.3,715.1,756.6,767.8,775.2
Northern California Geographic Area,ONCC,NC03A,Y,4,4,7305,24.3,33.3,38.0,41.9,44.0,12.6,20.3,27.3,33.7,37.7,34.8,51.1,60.2,69.2,76.0,19.7,31.5,40.8,53.7,64.7,11.7,14.6,18.0,21.4,23.3,13.4,16.4,19.9,23.0,25.2,17.0,20.1,22.5,24.6,25.9,18.5,21.3,23.1,24.6,25.5,273.8,525.0,588.7,618.5,638.2
Northern California Geographic Area,ONCC,NC03B,Y,4,4,7305,33.9,49.6,55.2,59.4,62.1,21.9,37.3,46.3,53.8,57.9,48.2,73.8,82.9,89.2,93.0,28.0,48.4,55.8,62.2,67.1,9.9,13.9,17.7,20.7,22.8,11.0,15.1,18.7,21.8,24.0,13.9,18.6,21.1,23.1,24.3,15.2,19.4,21.5,22.9,23.7,307.4,553.8,610.0,634.4,649.8
Northern California Geographic Area,ONCC,NC04,Y,14,14,7305,28.2,45.6,50.3,52.8,54.2,18.7,35.5,42.9,48.1,51.0,35.4,59.5,68.0,72.1,74.2,16.5,30.7,36.1,39.6,41.5,12.4,20.1,25.6,28.9,30.5,13.5,19.9,23.3,24.9,25.4,16.1,21.2,23.0,24.0,24.6,17.1,21.6,22.9,23.9,24.4,316.5,641.9,705.7,728.1,738.0
Northern California Geographic Area,ONCC,NC05,Y,11,11,7305,36.0,52.4,56.8,59.5,61.2,26.3,45.6,53.8,59.5,63.8,48.1,73.3,81.2,86.9,90.6,25.6,42.4,50.5,60.0,66.8,8.8,12.7,16.8,20.1,21.8,10.8,14.7,18.7,21.9,23.8,14.0,18.5,21.6,23.5,24.8,15.1,19.6,21.8,23.2,24.1,390.0,698.0,736.1,752.5,759.0
Northern California Geographic Area,ONCC,NC06,Y,8,8,7305,30.2,49.0,54.8,57.6,58.9,22.8,44.4,55.2,62.3,66.0,45.2,75.5,87.8,97.2,102.1,27.4,48.8,63.0,73.4,80.2,13.3,23.7,29.9,32.6,32.6,13.3,20.6,23.8,25.0,25.2,15.0,20.1,21.8,22.6,22.9,15.7,20.0,21.2,22.1,22.5,315.2,471.8,513.6,561.7,580.0
Northern California Geographic Area,ONCC,NC07,Y,13,13,7305,30.1,49.0,54.3,56.9,58.5,18.9,35.1,42.6,47.6,50.8,36.0,60.6,69.5,74.0,76.9,16.9,31.3,36.9,41.4,44.3,13.3,22.8,28.9,31.4,32.6,13.2,20.5,24.0,25.2,25.2,15.0,20.5,22.4,23.1,23.4,15.8,20.4,21.8,22.5,22.9,296.5,589.0,641.9,676.1,690.4
Northern California Geographic Area,ONCC,NC08,Y,5,5,7305,32.4,51.8,56.9,59.2,60.4,24.5,47.5,57.3,63.7,67.3,46.0,77.4,88.2,95.0,98.2,26.4,48.5,58.8,67.1,72.5,12.6,22.8,29.4,32.6,32.6,12.9,19.7,23.5,25.2,25.2,14.5,19.6,21.7,22.7,23.1,15.2,19.4,21.1,22.0,22.4,297.1,463.4,500.3,546.6,574.4
Northern Rockies Coordination Center,NRCC,NR01,Y,2,2,7305,18.2,33.3,39.7,44.2,46.6,11.1,22.6,32.2,39.6,44.0,23.8,44.1,56.6,65.3,71.0,11.0,21.4,30.5,40.5,45.7,17.7,32.6,32.6,32.6,32.6,16.8,25.2,25.2,25.2,25.2,18.4,23.1,23.2,23.2,23.4,19.1,22.8,23.1,23.1,23.2,151.1,340.5,421.0,496.0,524.5
Northern Rockies Coordination Center,NRCC,NR02,Y,3,3,7305,21.2,36.4,43.6,48.1,50.3,12.0,23.8,32.5,39.6,43.3,24.1,43.9,52.5,58.8,62.9,9.3,18.1,23.9,28.7,31.9,16.1,32.6,32.6,32.6,32.6,15.8,25.1,25.2,25.2,25.2,17.8,22.7,23.2,23.2,23.2,18.6,22.4,23.0,23.1,23.1,231.9,409.3,484.7,510.0,521.3
Northern Rockies Coordination Center,NRCC,NR03,Y,4,4,7305,15.0,30.5,38.3,43.1,45.1,7.2,15.2,22.7,28.4,31.1,14.6,28.2,39.1,46.0,48.7,4.4,8.6,13.3,16.7,18.3,20.3,32.6,32.6,32.6,32.6,18.3,25.2,25.2,25.2,25.2,19.3,23.2,23.2,23.2,23.5,20.0,23.1,23.1,23.1,23.3,210.2,453.4,549.8,592.7,618.0
Northern Rockies Coordination Center,NRCC,NR04,Y,6,6,7305,21.8,36.4,44.8,49.6,51.7,12.7,25.0,35.4,43.4,47.6,27.3,47.8,60.1,68.1,73.0,12.9,24.6,32.9,40.8,45.4,16.5,28.2,32.6,32.6,32.6,15.6,23.1,25.2,25.2,25.2,17.2,21.8,22.9,23.2,23.2,17.8,21.6,22.5,22.9,23.0,200.6,327.5,392.3,420.8,444.2
Northern Rockies Coordination Center,NRCC,NR05,Y,3,3,7305,25.7,39.7,49.4,53.9,56.2,15.1,27.3,39.2,47.1,51.6,33.4,52.2,66.5,75.3,80.0,16.6,29.9,40.2,49.1,54.7,13.6,21.2,26.3,32.3,32.6,14.0,19.9,22.2,25.2,25.2,16.1,20.1,21.3,22.3,22.7,16.8,20.2,21.1,21.6,22.0,294.9,469.7,525.3,572.7,592.3
Northern Rockies Coordination Center,NRCC,NR06,Y,6,6,7305,18.3,34.9,41.5,45.5,47.4,10.6,22.8,30.8,36.3,39.5,20.2,39.8,49.3,54.9,57.6,7.3,15.4,20.1,23.1,24.9,18.2,32.4,32.6,32.6,32.6,17.2,25.2,25.2,25.2,25.2,18.5,23.0,23.2,23.2,23.3,19.2,22.8,23.0,23.1,23.1,173.7,345.6,431.4,471.1,495.3
Northern Rockies Coordination Center,NRCC,NR07,Y,6,6,7305,16.9,32.1,38.0,41.8,43.8,10.3,21.6,29.9,36.9,40.2,21.0,41.3,51.6,59.5,63.2,9.0,18.8,25.2,30.1,33.5,19.0,32.6,32.6,32.6,32.6,17.5,25.2,25.2,25.2,25.2,18.8,23.2,23.2,23.2,23.2,19.5,22.9,23.1,23.1,23.1,124.9,250.0,338.8,386.6,409.5
Northern Rockies Coordination Center,NRCC,NR08,Y,4,4,7305,19.8,36.5,42.6,46.8,48.6,12.2,25.8,34.5,40.9,44.5,26.6,51.7,62.5,69.4,73.7,14.2,29.3,38.4,45.4,50.1,18.2,32.6,32.6,32.6,32.6,16.6,25.2,25.2,25.2,25.2,17.7,22.8,23.2,23.2,23.2,18.2,22.5,22.9,23.1,23.1,141.8,239.8,289.0,330.5,352.7
Northern Rockies Coordination Center,NRCC,NR09,Y,5,5,7305,21.4,38.5,44.9,48.6,50.4,16.6,34.0,45.2,53.1,58.0,36.4,68.6,82.9,93.5,99.4,25.2,50.7,66.6,79.6,89.1,17.7,30.9,32.6,32.6,32.6,16.1,24.2,25.2,25.2,25.2,17.1,22.2,23.0,23.2,23.2,17.7,22.0,22.7,22.9,23.0,192.5,293.0,344.4,382.6,435.8
Northern Rockies Coordination Center,NRCC,NR10,Y,4,4,7305,19.7,33.3,39.1,43.3,45.4,12.2,22.9,32.3,40.4,45.2,31.3,56.3,72.6,84.1,90.4,20.9,39.5,62.3,78.8,90.0,17.8,32.6,32.6,32.6,32.6,16.1,25.0,25.2,25.2,25.2,17.3,21.9,22.9,23.2,23.2,17.9,21.5,22.3,22.6,22.8,127.8,205.8,255.0,285.8,306.8
Northern Rockies Coordination Center,NRCC,NR11,Y,5,5,7305,24.2,37.6,43.7,48.5,50.7,15.4,27.6,37.9,46.4,50.9,35.7,59.7,71.2,81.3,86.9,21.4,39.1,52.2,64.2,71.6,15.6,25.6,32.6,32.6,32.6,14.6,21.0,25.1,25.2,25.2,16.1,20.1,21.9,22.8,23.1,16.8,20.1,21.3,22.0,22.3,210.3,290.4,331.8,366.0,406.4
Northern Rockies Coordination Center,NRCC,NR12,Y,6,6,7305,19.8,34.5,41.4,45.7,48.1,12.1,22.6,32.1,39.8,44.1,26.0,45.0,56.5,63.9,68.8,13.6,25.4,33.7,40.4,45.9,18.2,29.1,32.6,32.6,32.6,16.4,23.3,25.2,25.2,25.2,17.4,21.6,22.6,23.0,23.1,18.0,21.5,22.1,22.5,22.7,145.6,243.4,302.2,347.3,370.3
Northern Rockies Coordination Center,NRCC,NR13,Y,6,6,7305,26.3,38.8,44.6,49.6,52.2,16.6,29.7,39.7,48.0,52.9,37.9,62.7,74.3,84.0,88.9,22.5,41.7,55.5,67.2,74.2,14.2,23.5,32.6,32.6,32.6,13.8,19.8,24.7,25.2,25.2,15.5,19.4,21.8,22.9,23.2,16.3,19.1,20.8,22.1,22.5,239.2,354.0,407.2,446.8,468.8
Northern Rockies Coordination Center,NRCC,NR14,Y,6,6,7305,23.9,37.4,44.4,49.0,51.2,15.1,27.1,37.1,44.7,50.3,33.6,56.5,68.5,77.0,82.6,19.4,36.0,47.8,58.3,66.0,15.7,25.5,32.6,32.6,32.6,14.7,21.2,25.0,25.2,25.2,16.2,20.0,21.9,22.8,23.1,16.9,19.8,21.2,22.1,22.5,211.7,299.3,363.4,397.3,408.2
Northern Rockies Coordination Center,NRCC,NR15,Y,5,5,7305,19.9,32.3,36.9,40.3,42.2,13.5,26.5,35.6,42.9,47.3,33.9,59.6,75.9,89.3,96.9,22.8,43.6,65.2,84.1,94.7,16.6,30.8,32.6,32.6,32.6,15.7,24.3,25.2,25.2,25.2,17.5,22.1,23.2,23.2,23.2,18.2,21.4,22.8,23.1,23.1,207.6,319.2,365.2,380.0,381.8
Northern Rockies Coordination Center,NRCC,NR16,Y,6,6,7305,23.8,36.1,41.5,45.8,48.3,15.5,28.6,38.5,47.1,52.6,37.0,63.4,77.4,87.4,93.4,23.2,45.0,61.8,76.4,84.8,14.9,26.3,32.6,32.6,32.6,14.3,21.6,25.2,25.2,25.2,16.2,20.2,22.4,23.1,23.2,17.0,19.6,21.8,22.5,22.8,216.0,334.8,374.2,413.4,422.5
Northern Rockies Coordination Center,NRCC,NR17,Y,4,4,7305,15.0,25.0,29.5,33.0,35.2,8.3,15.3,22.3,28.9,33.6,22.5,36.2,53.1,67.1,75.1,12.3,19.3,38.4,54.5,66.6,18.5,32.6,32.6,32.6,32.6,17.0,25.2,25.2,25.2,25.2,18.8,23.1,23.2,23.2,23.2,19.5,22.5,23.1,23.1,23.1,108.0,161.5,232.2,283.0,295.8
Northern Rockies Coordination Center,NRCC,NR18,Y,3,3,7305,16.6,26.8,31.0,34.1,36.2,9.7,17.8,25.1,31.0,35.2,25.5,41.7,57.9,70.3,79.4,14.6,24.0,42.9,60.6,72.8,17.5,32.6,32.6,32.6,32.6,16.5,25.2,25.2,25.2,25.2,18.4,22.6,23.2,23.2,23.2,19.2,22.0,23.0,23.1,23.1,140.7,212.0,259.3,314.9,358.5
Northwest Interagency Coordination Center,NWCC,NW01,Y,9,9,7305,11.5,21.3,27.5,32.3,35.2,5.1,9.4,15.4,21.3,25.2,8.0,14.9,17.9,20.1,21.3,1.0,1.7,2.0,2.2,2.3,20.3,28.9,30.9,32.2,32.6,18.8,24.6,25.4,26.6,27.6,20.4,23.6,24.7,25.9,26.9,21.4,23.9,24.7,25.9,26.6,160.1,353.8,512.9,592.1,626.6
Northwest Interagency Coordination Center,NWCC,NW02,Y,8,8,7305,13.6,24.5,30.7,34.9,37.4,6.2,11.6,17.7,23.1,27.0,15.6,26.4,35.0,41.9,46.4,6.1,10.6,16.4,21.2,24.5,18.2,26.9,30.0,32.1,32.6,17.9,24.6,26.4,28.6,29.7,20.1,24.0,25.9,27.4,28.2,21.2,24.5,25.8,26.8,27.3,208.6,506.3,632.8,684.9,711.4
Northwest Interagency Coordination Center,NWCC,NW03,Y,7,7,7305,14.9,26.8,32.6,37.0,39.4,6.1,11.5,16.7,21.5,24.9,16.8,28.2,37.4,44.0,48.5,6.2,11.4,17.0,21.4,24.4,17.7,26.5,29.6,31.1,32.2,17.4,23.9,25.7,27.4,28.6,19.5,23.5,25.0,26.1,27.0,20.6,23.9,24.8,25.7,26.1,219.1,534.6,654.8,696.1,715.1
Northwest Interagency Coordination Center,NWCC,NW04,Y,9,9,7305,21.7,35.8,41.1,44.7,46.8,12.2,23.0,30.0,35.1,38.7,27.4,44.9,55.2,61.3,64.2,12.3,22.2,28.3,32.5,35.3,15.0,23.2,27.2,29.2,30.4,15.2,21.6,24.0,25.3,26.2,17.6,22.0,23.4,24.4,25.0,18.6,22.2,23.3,24.0,24.5,253.7,555.7,655.6,693.4,705.3
Northwest Interagency Coordination Center,NWCC,NW05,Y,4,4,7305,19.8,36.7,43.6,48.2,50.2,11.6,23.4,34.1,41.9,46.4,15.1,28.2,32.0,34.7,36.4,2.1,3.8,4.5,5.2,5.6,19.1,32.6,32.6,32.6,32.6,16.8,25.2,25.2,25.2,25.2,17.8,23.1,23.2,23.2,23.2,18.3,22.7,23.1,23.1,23.1,185.3,367.8,448.8,490.0,507.5
Northwest Interagency Coordination Center,NWCC,NW06,Y,6,6,7305,26.5,41.9,48.7,52.4,54.5,15.7,30.7,40.7,47.4,51.8,35.4,58.8,69.2,75.0,79.1,18.0,33.0,40.0,45.2,48.3,14.1,22.9,29.1,32.6,32.6,14.1,20.2,23.3,25.2,25.2,15.9,20.0,21.6,22.5,23.0,16.6,20.1,21.1,21.9,22.2,215.8,373.0,432.5,480.1,502.3
Northwest Interagency Coordination Center,NWCC,NW07,Y,5,5,7305,23.5,42.3,47.7,51.1,52.8,15.0,31.3,39.1,44.8,48.7,30.2,57.4,66.0,71.8,75.0,14.8,30.3,37.1,42.1,45.5,16.7,30.3,32.6,32.6,32.6,15.6,24.0,25.2,25.2,25.2,16.9,22.3,23.1,23.2,23.2,17.5,22.0,22.7,22.9,23.0,223.3,394.2,438.9,473.4,515.1
Northwest Interagency Coordination Center,NWCC,NW08,Y,4,4,7305,23.6,41.9,50.2,54.0,56.1,15.7,31.1,41.5,49.0,54.2,15.7,28.0,31.4,33.9,35.2,1.9,3.2,3.7,4.1,4.4,17.3,32.6,32.6,32.6,32.6,15.7,25.2,25.2,25.2,25.2,16.9,23.2,23.2,23.2,23.2,17.4,22.7,23.1,23.1,23.1,235.3,367.6,422.0,459.9,472.5
Northwest Interagency Coordination Center,NWCC,NW09,Y,4,4,7305,20.6,38.5,48.0,52.8,55.4,11.3,23.9,32.9,38.9,42.8,12.1,22.7,26.2,28.4,29.6,1.2,2.2,2.5,2.7,2.9,18.4,32.6,32.6,32.6,32.6,16.6,25.2,25.2,25.2,25.2,17.7,23.2,23.2,23.2,23.2,18.3,22.8,23.1,23.1,23.1,155.3,320.0,398.2,435.5,470.2
Northwest Interagency Coordination Center,NWCC,NW10,Y,3,3,7305,30.0,47.5,55.3,59.5,61.9,21.3,39.9,51.1,59.2,63.5,22.5,33.6,38.1,41.5,43.6,3.1,4.5,5.5,6.3,6.8,12.9,20.9,26.7,32.6,32.6,13.1,19.0,22.2,25.2,25.2,15.2,19.9,21.6,22.6,23.0,15.9,20.2,21.5,22.2,22.4,405.6,534.0,585.7,621.3,642.7
Northwest Interagency Coordination Center,NWCC,NW11,Y,8,8,7305,23.6,41.1,49.2,54.1,56.4,14.0,28.3,39.4,47.2,52.1,29.0,52.2,64.6,72.0,75.8,13.4,26.5,34.5,39.9,43.8,16.4,29.5,32.6,32.6,32.6,15.3,23.5,25.2,25.2,25.2,16.6,22.0,22.9,23.2,23.2,17.2,21.8,22.6,22.8,23.0,196.0,348.3,400.7,436.0,456.1
Northwest Interagency Coordination Center,NWCC,NW12,Y,5,5,7305,29.3,48.3,55.2,58.5,60.5,21.1,42.1,55.0,61.8,65.9,47.4,81.3,96.6,105.9,111.6,32.7,60.6,76.4,87.3,94.8,14.2,23.8,29.2,32.6,32.6,13.5,20.2,23.2,25.2,25.2,14.9,19.7,21.5,22.5,22.9,15.5,19.8,21.2,21.8,22.1,305.1,417.8,452.2,491.0,511.6
Rocky Mountain Area Coordination Center,RMCC,RM01,Y,2,2,7305,18.4,38.2,44.0,47.5,49.6,15.9,37.0,49.6,56.8,60.7,15.1,32.5,37.6,41.1,43.4,2.4,4.9,6.1,7.1,7.6,20.3,32.6,32.6,32.6,32.6,17.7,25.2,25.2,25.2,25.2,18.2,23.2,23.2,23.2,23.2,18.6,23.1,23.1,23.1,23.1,167.4,254.0,310.0,436.5,440.5
Rocky Mountain Area Coordination Center,RMCC,RM02,Y,6,6,7305,23.3,42.3,48.4,51.9,53.5,16.8,33.8,45.0,53.7,58.6,17.8,32.5,37.1,40.4,42.6,2.7,4.7,5.5,6.4,6.9,17.9,29.5,32.6,32.6,32.6,15.8,23.5,25.2,25.2,25.2,16.8,21.9,22.9,23.2,23.2,17.3,21.7,22.4,22.9,23.0,177.6,255.7,296.7,339.7,394.6
Rocky Mountain Area Coordination Center,RMCC,RM03,Y,4,4,7305,16.0,36.4,42.4,45.6,47.4,11.0,24.8,36.7,45.6,51.2,12.0,28.5,32.9,36.6,38.8,1.8,3.8,4.8,5.8,6.6,22.4,32.6,32.6,32.6,32.6,18.8,25.2,25.2,25.2,25.2,18.8,23.2,23.2,23.2,23.2,19.1,23.1,23.1,23.1,23.1,115.5,185.0,227.5,250.8,283.2
Rocky Mountain Area Coordination Center,RMCC,RM04,Y,4,4,7305,25.4,36.8,42.3,46.8,50.0,18.2,33.0,43.3,52.2,57.3,33.1,53.2,64.1,73.1,78.0,18.2,34.6,49.9,62.2,68.9,14.2,23.5,30.6,32.6,32.6,13.9,19.4,24.1,25.2,25.2,15.9,19.2,21.3,22.5,22.8,16.8,19.3,20.6,21.6,22.0,240.2,375.2,400.8,432.2,473.1
Rocky Mountain Area Coordination Center,RMCC,RM05,Y,3,3,7305,24.2,35.6,40.0,43.2,45.4,12.7,22.4,29.7,37.0,41.6,28.3,48.3,58.1,65.3,69.7,12.4,23.9,32.9,40.4,45.9,14.3,25.5,32.6,32.6,32.6,14.0,20.3,25.2,25.2,25.2,15.8,19.2,21.1,22.3,22.8,16.7,19.0,20.2,21.1,21.4,166.3,289.0,336.7,375.6,387.7
Rocky Mountain Area Coordination Center,RMCC,RM06,Y,3,3,7305,25.9,37.6,42.5,46.4,49.0,15.1,25.8,34.9,43.1,48.8,32.1,52.4,63.1,71.1,76.1,15.4,28.9,38.4,46.7,52.5,13.8,22.6,31.6,32.6,32.6,13.5,18.8,24.9,25.2,25.2,15.4,18.8,20.9,22.1,22.7,16.2,18.7,20.1,21.0,21.6,183.3,293.7,322.7,368.6,421.3
Rocky Mountain Area Coordination Center,RMCC,RM07,Y,3,3,7305,26.0,46.0,52.5,56.0,57.8,22.5,47.0,58.5,65.3,68.6,21.7,38.6,43.8,47.9,50.2,3.5,6.1,7.4,8.5,9.4,16.5,32.6,32.6,32.6,32.6,15.0,25.2,25.2,25.2,25.2,16.1,22.3,23.2,23.2,23.2,16.7,21.8,22.7,23.0,23.1,288.2,365.7,420.3,495.3,504.0
Rocky Mountain Area Coordination Center,RMCC,RM08,Y,5,5,7305,24.5,42.9,49.4,52.9,54.7,19.3,38.2,50.5,58.1,62.4,20.2,35.1,39.7,43.6,45.8,3.4,5.6,6.8,7.9,8.6,17.1,29.0,32.6,32.6,32.6,15.2,23.3,25.2,25.2,25.2,16.4,21.5,22.6,23.0,23.1,17.0,21.1,22.1,22.6,22.7,240.7,332.4,391.5,457.0,462.0
Rocky Mountain Area Coordination Center,RMCC,RM09,Y,2,2,7305,25.9,38.9,44.3,48.3,50.8,20.1,37.8,49.7,58.2,63.0,22.0,34.2,38.1,41.8,44.2,3.7,5.9,7.2,8.4,9.2,14.8,26.7,32.6,32.6,32.6,14.0,21.2,25.2,25.2,25.2,15.8,20.0,21.8,22.6,23.0,16.7,19.9,21.2,21.8,22.1,223.9,333.7,412.5,444.0,478.0
Rocky Mountain Area Coordination Center,RMCC,RM10,Y,3,3,7305,30.3,48.3,54.3,57.9,59.8,26.4,51.4,63.5,71.1,75.1,50.4,87.9,102.7,114.8,121.5,34.9,66.6,86.5,102.5,112.1,13.8,24.7,32.6,32.6,32.6,13.3,20.7,25.2,25.2,25.2,14.9,20.2,22.5,23.2,23.2,15.7,20.2,21.8,22.7,22.9,447.7,545.7,604.3,619.0,639.1
Rocky Mountain Area Coordination Center,RMCC,RM11,Y,4,4,7305,15.5,34.8,39.7,43.3,45.6,10.7,24.3,33.5,40.4,44.9,20.1,43.8,58.6,69.0,74.1,10.1,21.4,34.0,44.8,52.9,21.6,32.6,32.6,32.6,32.6,18.5,25.2,25.2,25.2,25.2,18.7,23.2,23.2,23.2,23.2,19.1,23.1,23.1,23.1,23.1,106.7,178.9,213.8,267.4,319.6
Rocky Mountain Area Coordination Center,RMCC,RM12,Y,2,2,7305,30.2,43.6,47.8,51.1,53.1,19.1,33.4,42.3,49.4,53.7,37.3,62.0,71.7,78.6,83.3,18.1,33.7,43.3,52.5,59.7,12.5,20.6,32.6,32.6,32.6,12.4,18.4,25.1,25.2,25.2,14.4,17.9,20.5,21.8,22.5,15.4,18.1,19.4,20.4,21.0,219.9,350.5,410.3,431.5,440.5
Rocky Mountain Area Coordination Center,RMCC,RM13,Y,4,4,7305,23.6,38.4,42.4,45.4,47.4,15.8,29.5,38.1,44.1,47.9,30.8,53.8,65.3,72.8,77.5,15.4,29.1,40.2,49.8,55.9,15.7,28.2,32.6,32.6,32.6,14.9,22.9,25.2,25.2,25.2,16.3,21.0,22.4,23.0,23.2,17.2,20.8,22.0,22.4,22.6,137.6,204.5,236.8,261.8,285.0
Rocky Mountain Area Coordination Center,RMCC,RM14,Y,7,7,7305,32.3,50.0,55.9,59.7,62.0,26.2,49.1,60.8,68.9,73.3,49.0,84.0,97.2,107.4,113.6,30.9,58.1,73.4,86.7,96.0,13.0,25.7,32.6,32.6,32.6,12.7,21.2,25.2,25.2,25.2,14.2,19.9,22.5,23.2,23.2,15.1,19.6,21.9,22.7,22.9,277.5,403.0,462.4,492.7,505.4
Rocky Mountain Area Coordination Center,RMCC,RM15,Y,5,5,7305,21.2,39.5,44.6,48.4,50.2,16.5,33.9,43.5,50.7,54.3,31.9,62.8,77.4,87.0,92.3,19.0,40.2,54.1,65.5,71.8,18.2,32.6,32.6,32.6,32.6,16.3,25.2,25.2,25.2,25.2,17.1,23.0,23.2,23.2,23.2,17.7,22.6,23.0,23.1,23.1,153.5,214.0,252.2,287.6,332.0
Rocky Mountain Area Coordination Center,RMCC,RM16,Y,7,7,7305,30.6,48.2,53.9,57.8,60.4,23.2,42.4,53.7,61.3,65.8,41.4,70.5,82.9,93.0,99.1,22.8,40.8,53.6,67.1,76.4,13.8,26.0,29.9,32.6,32.6,13.3,21.5,23.8,25.2,25.2,14.7,20.5,22.1,22.7,23.1,15.5,20.2,21.8,22.4,22.6,209.5,311.3,366.1,412.4,455.3
Rocky Mountain Area Coordination Center,RMCC,RM17,Y,4,4,7305,20.1,36.3,42.5,46.9,49.6,14.1,26.5,37.0,44.6,49.5,28.2,52.0,66.8,76.8,83.2,15.9,31.7,44.8,55.2,61.9,18.5,32.6,32.6,32.6,32.6,16.6,24.9,25.2,25.2,25.2,17.4,22.3,23.2,23.2,23.2,18.1,22.1,22.8,23.0,23.1,93.6,140.5,173.5,186.2,195.3
Rocky Mountain Area Coordination Center,RMCC,RM18,Y,4,4,7305,31.0,42.8,46.4,49.3,51.1,25.5,42.5,52.4,59.9,64.0,48.2,76.8,87.7,96.0,100.8,29.7,53.3,66.3,76.6,85.0,11.6,19.6,27.0,32.6,32.6,12.3,17.0,22.3,25.0,25.2,14.6,17.6,19.9,21.2,21.8,15.8,18.0,19.6,20.5,20.9,245.7,340.8,373.0,404.4,498.6
Rocky Mountain Area Coordination Center,RMCC,RM19,Y,3,3,7305,32.2,47.9,53.8,58.2,60.5,24.2,42.8,53.2,61.6,66.2,44.6,73.9,86.0,94.1,99.1,24.4,45.0,55.9,64.8,71.4,12.7,24.3,32.6,32.6,32.6,12.5,20.2,25.2,25.2,25.2,14.2,19.3,22.3,23.2,23.2,15.1,19.1,21.7,22.7,23.0,177.4,304.7,367.7,413.7,430.7
Rocky Mountain Area Coordination Center,RMCC,RM20,Y,2,2,7305,22.7,38.8,45.1,50.0,52.5,17.5,32.6,44.8,53.4,58.7,36.7,65.7,85.5,99.4,107.7,23.9,47.0,65.9,82.8,95.2,16.9,32.6,32.6,32.6,32.6,15.7,25.2,25.2,25.2,25.2,16.8,22.7,23.2,23.2,23.2,17.5,22.0,23.0,23.1,23.1,111.0,161.5,196.5,263.4,329.5
Rocky Mountain Area Coordination Center,RMCC,RM21,Y,2,2,7305,28.5,43.4,48.7,52.8,55.1,22.3,39.9,50.6,59.5,64.5,43.8,76.3,90.1,101.8,108.7,27.2,52.8,71.2,84.9,93.4,13.8,27.9,32.6,32.6,32.6,13.5,22.0,25.2,25.2,25.2,15.2,20.5,23.1,23.2,23.2,16.1,20.3,22.3,22.9,23.0,167.0,272.0,313.0,326.0,333.5
Rocky Mountain Area Coordination Center,RMCC,RM22,Y,2,2,7305,33.3,44.3,48.1,51.0,52.9,24.3,39.2,48.7,56.6,61.5,44.3,68.1,78.6,86.2,91.4,22.7,38.1,51.6,63.3,70.4,10.4,15.2,24.1,32.6,32.6,11.4,14.4,20.2,24.8,25.2,13.9,16.8,18.8,20.1,20.9,15.1,17.2,18.7,19.5,20.0,218.3,317.5,351.5,402.9,426.4
Rocky Mountain Area Coordination Center,RMCC,RM23,Y,5,5,7305,21.4,31.5,35.7,39.1,41.3,14.6,26.1,34.4,41.4,46.0,38.3,62.8,79.7,92.9,100.2,27.6,51.1,74.3,93.2,104.9,14.9,24.1,31.3,32.6,32.6,14.7,20.4,24.4,25.2,25.2,16.9,20.0,22.0,22.8,23.1,17.8,20.0,21.3,22.2,22.4,220.2,348.6,426.0,473.2,588.2
Rocky Mountain Area Coordination Center,RMCC,RM24,Y,2,1,7301,25.5,36.7,41.1,45.2,48.3,17.3,30.8,40.8,49.9,55.9,44.9,74.9,91.8,105.6,114.1,33.4,63.0,90.4,113.6,128.1,13.6,20.4,32.6,32.6,32.6,13.4,17.4,25.2,25.2,25.2,15.5,18.6,21.0,22.5,23.0,16.4,18.8,20.0,20.9,21.6,277.4,427.0,493.0,537.0,557.0
Rocky Mountain Area Coordination Center,RMCC,RM25,Y,2,2,7305,28.8,39.9,43.9,47.4,49.5,22.1,37.8,47.0,55.7,60.8,49.8,79.6,94.0,106.0,112.9,36.7,66.4,88.6,109.3,121.6,12.1,18.5,29.8,32.6,32.6,12.7,16.2,23.7,25.2,25.2,15.1,17.8,19.8,21.3,22.1,16.1,17.9,19.3,20.3,20.8,289.3,447.1,499.5,525.4,637.4
Rocky Mountain Area Coordination Center,RMCC,RM26,Y,2,2,7305,24.4,34.3,38.2,41.3,43.2,16.4,28.3,36.6,44.9,49.3,37.9,60.6,74.2,84.6,90.8,23.0,42.5,60.7,74.5,85.0,13.0,19.2,32.6,32.6,32.6,13.5,17.3,24.4,25.2,25.2,16.2,18.8,20.7,22.1,22.7,17.2,19.2,20.1,20.8,21.2,226.5,335.5,452.0,544.5,637.8
Rocky Mountain Area Coordination Center,RMCC,RM27,Y,2,2,7305,36.9,47.1,51.0,54.0,55.9,32.7,52.0,62.5,70.1,75.9,62.8,91.6,106.9,120.0,128.5,44.6,75.2,98.9,117.7,131.4,9.0,11.3,19.4,25.0,32.6,10.4,12.5,17.0,20.1,24.2,13.3,15.7,17.4,18.8,19.8,14.4,16.3,17.5,18.4,19.0,423.8,549.5,580.0,607.9,622.0
Rocky Mountain Area Coordination Center,RMCC,RM28,Y,2,2,7305,24.6,32.4,35.8,38.6,40.7,17.6,28.4,36.0,43.0,47.5,42.5,64.9,79.4,90.8,97.8,28.5,50.7,71.2,88.7,100.2,11.5,14.0,20.5,26.6,32.6,13.1,15.5,19.3,23.7,25.2,16.5,18.7,20.3,21.4,22.2,17.7,19.3,20.3,21.2,21.6,239.2,363.5,423.6,491.9,526.5
Southern Area Coordination Center,SACC,SA01,Y,7,5,7305,34.3,42.9,47.0,50.3,52.9,30.6,46.9,56.3,64.0,68.8,52.6,74.1,84.6,93.0,99.8,34.2,56.6,70.9,83.7,92.7,8.9,11.0,15.4,20.7,24.1,10.7,12.7,15.5,18.7,20.7,14.0,16.3,17.7,19.0,20.0,15.1,17.1,18.2,19.0,19.6,348.1,478.8,525.4,559.4,579.0
Southern Area Coordination Center,SACC,SA02,Y,5,2,7305,29.8,38.6,43.0,47.5,50.4,23.9,37.7,47.5,55.2,59.9,53.2,79.7,92.9,102.3,108.7,37.9,67.1,84.1,98.9,108.1,9.9,12.1,16.1,21.2,24.7,11.6,13.8,17.0,20.4,22.9,15.2,17.6,19.1,20.6,21.7,16.4,18.5,19.6,20.5,21.2,291.4,428.5,509.0,562.5,612.4
Southern Area Coordination Center,SACC,SA04,Y,5,4,7305,34.2,42.7,47.3,51.8,54.5,33.8,51.1,60.9,69.0,74.1,28.9,36.2,40.4,44.1,46.7,4.4,5.8,6.9,8.1,8.9,8.3,10.2,13.7,17.9,21.5,10.4,12.4,14.8,18.0,20.3,13.9,16.3,17.8,19.2,20.1,15.1,17.2,18.3,19.2,19.8,346.3,501.8,562.8,615.2,637.7
Southern Area Coordination Center,SACC,SA05,Y,5,5,7305,31.5,39.6,44.6,49.6,53.3,29.0,43.9,53.2,60.8,65.6,25.6,32.1,35.7,38.6,40.4,3.7,4.7,5.5,6.4,6.9,8.8,11.0,14.2,17.9,21.5,10.9,13.1,15.8,19.1,21.3,14.6,17.1,18.6,20.1,21.2,15.8,18.0,19.1,20.0,20.6,359.6,496.0,567.2,617.6,646.2
Southern Area Coordination Center,SACC,SA06,Y,4,4,7305,26.2,33.6,38.7,44.4,48.0,22.5,34.4,42.1,48.6,52.6,21.0,26.4,29.2,31.6,33.5,2.9,3.7,4.2,4.6,4.9,9.7,12.0,15.3,18.9,21.8,12.0,14.4,17.4,21.0,23.5,16.1,18.6,20.3,22.1,23.1,17.4,19.7,20.8,21.8,22.5,339.3,534.8,635.8,686.2,711.0
Southern Area Coordination Center,SACC,SA07,Y,5,5,7305,22.4,29.8,33.9,37.0,39.0,13.7,21.7,27.5,32.4,35.4,31.4,48.0,56.0,62.8,67.0,15.1,26.8,35.6,43.4,49.4,11.0,13.7,16.9,20.3,22.9,13.6,16.2,19.4,22.4,24.2,17.8,20.2,21.9,23.3,24.2,19.2,21.2,22.2,23.1,23.7,308.5,553.3,649.8,696.8,725.8
Southern Area Coordination Center,SACC,SA08,Y,4,4,7305,41.7,51.3,55.6,58.8,61.1,36.9,54.1,65.3,73.6,78.3,32.0,39.7,43.7,47.3,49.5,4.5,5.9,7.1,8.0,8.7,7.1,8.9,11.3,14.4,16.9,9.0,11.0,13.1,15.6,17.4,12.0,14.5,16.2,17.7,18.7,13.2,15.4,16.8,17.8,18.7,302.6,456.0,531.2,569.5,600.2
Southern Area Coordination Center,SACC,SA09,Y,5,4,7305,33.0,41.7,46.6,51.8,54.7,32.9,48.6,58.2,66.9,72.1,27.0,33.5,37.0,40.0,42.3,3.9,4.9,5.8,6.7,7.3,8.0,10.1,12.9,16.3,19.5,10.4,12.5,14.8,17.7,19.9,14.3,16.8,18.2,19.8,20.8,15.6,17.9,18.9,19.9,20.6,389.4,531.3,595.8,648.9,698.4
Southern Area Coordination Center,SACC,SA10,Y,5,5,7305,29.2,37.2,41.6,45.7,49.3,28.2,42.0,50.6,57.4,61.3,24.4,30.0,33.2,35.9,37.3,3.5,4.4,5.1,5.8,6.3,8.7,11.1,13.7,16.9,19.2,11.2,13.5,15.9,18.7,20.5,15.3,17.7,19.2,20.7,21.7,16.6,18.8,19.9,20.8,21.6,386.1,527.1,596.0,653.6,681.2
Southern Area Coordination Center,SACC,SA11,Y,5,5,7305,23.6,31.3,35.4,38.2,39.9,18.2,28.5,34.4,39.7,43.0,28.5,40.1,45.6,49.8,52.1,11.2,18.8,24.1,29.3,32.8,10.3,13.0,15.8,18.8,21.0,13.1,15.8,18.6,21.5,23.3,17.4,19.7,21.4,22.9,23.7,18.8,21.0,22.1,23.0,23.6,373.7,582.0,638.1,688.5,716.6
Southern Area Coordination Center,SACC,SA12,Y,5,5,7305,20.2,27.2,30.2,32.9,34.5,11.9,18.4,23.3,27.9,30.9,26.4,38.6,45.5,51.5,55.6,11.1,18.9,25.0,31.2,35.4,11.4,14.2,17.3,20.1,22.0,14.4,17.3,20.3,22.7,24.4,18.5,21.0,22.6,23.8,24.7,20.0,22.3,23.3,24.2,24.6,355.2,575.6,651.3,688.3,711.0
Southern Area Coordination Center,SACC,SA13,Y,5,5,7305,17.4,23.1,25.7,27.9,29.2,10.8,16.6,21.6,26.0,28.9,25.4,35.7,43.9,50.9,55.3,11.7,20.3,29.5,37.4,44.6,12.5,15.5,18.1,20.6,22.2,15.0,17.9,20.8,23.0,24.6,18.8,21.1,22.7,24.0,24.9,20.3,22.5,23.4,24.3,24.8,343.9,527.3,607.5,658.7,683.0
Southern Area Coordination Center,SACC,SA14,Y,4,4,7305,23.9,31.2,34.1,36.7,38.2,22.4,33.9,40.4,45.4,48.6,19.7,24.5,26.4,28.0,29.1,2.7,3.3,3.7,4.0,4.3,9.4,12.0,14.6,17.4,19.1,12.5,14.9,17.7,20.1,22.0,16.8,19.0,20.8,22.2,23.0,18.3,20.4,21.4,22.4,23.1,426.1,590.2,651.5,694.8,712.7
Southern Area Coordination Center,SACC,SA15,Y,5,4,7305,18.8,25.1,26.9,27.9,28.5,14.0,19.9,23.6,28.0,32.0,17.5,21.8,23.2,24.3,25.0,2.7,3.3,3.6,3.9,4.2,12.2,14.4,16.6,18.9,20.8,14.4,16.7,19.0,21.5,22.7,18.1,20.0,21.6,23.0,24.0,19.6,21.5,22.6,23.4,24.0,400.1,540.1,597.7,654.7,679.7
Southern Area Coordination Center,SACC,SA16,Y,3,3,7305,23.0,29.9,32.0,33.1,33.9,22.2,33.1,38.8,43.1,46.6,19.3,24.2,26.0,27.4,28.3,2.6,3.3,3.8,4.1,4.4,9.5,11.5,14.2,17.3,19.4,12.9,15.0,17.7,20.7,22.6,17.1,19.1,20.7,22.4,23.5,18.5,20.3,21.6,22.7,23.3,476.9,641.3,688.5,715.3,726.7
Southern Area Coordination Center,SACC,SA17A,Y,5,2,7305,20.8,28.6,32.8,36.4,38.9,11.2,18.0,23.9,29.1,32.4,27.4,43.2,52.3,59.5,63.3,12.1,21.4,30.0,38.9,46.2,11.9,15.1,19.8,23.4,26.1,14.2,17.5,21.0,24.2,25.5,18.1,20.8,22.6,24.0,25.1,19.6,21.8,22.8,23.7,24.3,277.3,541.0,630.5,678.5,704.0
Southern Area Coordination Center,SACC,SA17B,Y,5,5,7305,20.8,27.8,31.3,34.4,36.1,10.4,16.8,21.6,25.2,28.8,26.3,40.2,49.1,55.7,59.9,11.1,19.7,27.5,34.9,39.6,12.0,15.0,19.3,23.8,27.0,14.0,17.1,20.8,23.8,25.2,17.9,20.2,22.0,23.5,24.6,19.3,21.2,22.3,23.0,23.5,244.0,460.5,541.2,588.6,632.0
Southern Area Coordination Center,SACC,SA18,Y,4,4,7305,20.2,27.2,30.5,33.3,34.7,10.7,16.9,21.4,25.0,27.5,26.4,40.3,47.7,53.5,57.0,11.3,19.7,26.7,33.1,37.5,11.7,14.7,18.4,22.2,24.4,14.4,17.4,20.7,23.7,25.2,18.3,20.9,22.6,24.1,25.1,19.9,22.1,23.2,24.0,24.5,287.8,530.0,610.3,661.5,680.0
Southern Area Coordination Center,SACC,SA19,Y,5,5,7305,20.4,27.5,30.5,33.0,35.0,10.9,16.9,21.1,25.3,27.8,25.9,38.4,45.4,50.9,54.3,10.4,17.7,23.6,28.9,33.1,11.4,14.3,17.4,20.6,22.8,14.4,17.3,20.6,23.3,25.1,18.5,21.1,22.7,24.3,25.2,20.0,22.3,23.4,24.3,25.0,336.5,579.1,654.8,696.4,722.4
Southern Area Coordination Center,SACC,SA20,Y,3,3,7305,17.2,22.9,25.6,27.9,29.7,9.3,14.1,18.4,23.1,26.7,26.3,37.3,47.0,54.1,58.2,12.7,22.1,32.0,40.2,46.1,12.9,15.7,18.4,20.8,22.6,15.1,17.9,20.9,23.2,24.7,18.8,21.0,22.7,24.1,25.1,20.4,22.5,23.5,24.4,24.9,356.6,548.9,621.1,663.4,685.2
Southern Area Coordination Center,SACC,SA21A,Y,3,3,7305,18.1,24.1,26.7,28.7,30.0,8.4,12.9,16.4,19.6,22.0,21.8,32.7,39.3,43.8,46.6,7.6,14.1,18.8,22.7,24.9,12.0,14.6,17.2,19.8,21.5,15.0,17.9,20.8,23.3,25.2,18.9,21.2,22.7,24.3,25.2,20.4,22.6,23.7,24.5,25.0,336.5,522.3,590.0,640.0,669.7
Southern Area Coordination Center,SACC,SA21B,Y,4,4,7305,18.1,24.1,26.6,28.7,29.8,8.4,13.0,16.4,19.7,21.9,22.2,33.0,39.8,44.5,46.8,7.9,14.4,19.5,23.2,25.9,12.1,14.7,17.4,19.7,21.5,14.9,17.9,20.7,23.2,24.9,18.8,21.1,22.6,24.1,25.1,20.4,22.5,23.5,24.4,24.9,333.6,514.2,584.2,640.5,665.7
Southern Area Coordination Center,SACC,SA21C,Y,3,3,7305,18.5,24.5,27.0,29.0,30.1,8.7,13.4,16.7,19.8,21.9,22.8,33.1,39.5,44.0,47.1,8.3,14.6,19.5,23.6,26.9,12.0,14.7,17.3,19.4,21.5,14.7,17.6,20.5,23.0,24.7,18.6,20.9,22.4,23.7,24.8,20.2,22.4,23.4,24.1,24.5,341.2,533.7,610.3,662.0,685.7
Southern Area Coordination Center,SACC,SA22A,Y,5,5,7305,20.1,26.4,29.3,31.5,32.9,11.2,17.0,21.1,24.8,27.3,27.5,40.5,48.7,54.8,58.5,12.3,21.1,28.8,35.8,41.3,11.5,14.2,17.1,19.9,21.9,14.4,17.2,20.1,22.7,24.5,18.4,20.8,22.6,24.0,24.9,19.9,22.1,23.3,24.1,24.7,328.2,550.8,623.8,674.2,706.0
Southern Area Coordination Center,SACC,SA22B,Y,4,4,7305,18.4,24.6,27.2,29.6,31.2,9.1,13.8,17.7,21.3,23.9,22.5,33.9,41.2,46.0,49.3,8.3,15.4,20.7,25.2,28.1,11.8,14.4,17.8,20.9,22.8,15.0,17.9,21.2,23.8,25.5,18.9,21.3,23.0,24.6,25.7,20.4,22.7,23.9,24.7,25.3,327.7,532.4,605.7,658.3,684.7
Southern Area Coordination Center,SACC,SA23,Y,4,4,7305,19.7,26.1,29.0,31.4,33.1,10.3,16.0,20.3,24.2,26.8,26.0,38.4,47.0,53.2,57.8,11.1,19.1,27.2,35.0,40.4,11.8,14.5,17.9,21.5,24.0,14.4,17.2,20.6,23.7,25.2,18.4,20.8,22.8,24.5,25.3,19.9,22.0,23.3,24.2,24.8,285.3,529.7,611.0,666.3,692.0
Southern Area Coordination Center,SACC,SA24,Y,4,4,7305,19.0,25.2,28.1,30.7,32.3,9.1,14.4,18.5,22.1,24.9,23.8,36.3,44.6,51.7,56.0,10.4,17.3,25.7,34.2,39.5,12.3,15.2,19.1,23.4,26.7,14.6,17.7,21.4,24.2,25.3,18.4,20.8,22.6,24.2,25.3,19.9,21.8,23.0,23.9,24.5,260.3,490.0,588.6,634.8,653.5
Southern Area Coordination Center,SACC,SA25,Y,5,5,7305,18.0,24.5,27.6,30.4,31.9,7.5,12.1,15.6,19.1,21.2,20.7,31.6,39.8,45.1,49.1,7.5,13.6,19.5,24.9,28.8,13.0,16.3,20.3,24.3,26.9,14.9,18.3,21.7,24.4,25.7,18.7,21.1,23.0,24.5,25.6,20.1,22.1,23.2,24.1,24.9,211.9,403.4,485.2,557.0,594.8
Southern Area Coordination Center,SACC,SA25B,Y,5,5,7305,19.3,25.8,28.9,31.5,32.9,7.3,11.4,15.0,18.0,19.8,21.4,31.7,39.4,45.6,50.1,7.9,13.2,19.3,25.7,30.3,12.8,15.6,19.3,23.2,25.5,14.4,17.6,20.8,23.5,24.9,18.1,20.5,22.1,23.5,24.4,19.4,21.3,22.3,23.1,23.7,213.5,401.1,498.2,561.9,590.2
Southern Area Coordination Center,SACC,SA26,Y,4,4,7305,18.8,25.3,28.5,31.2,32.9,8.8,13.9,18.2,22.6,25.4,22.4,33.1,42.2,48.6,52.4,8.4,14.6,21.3,27.5,31.3,12.8,16.2,20.6,26.1,28.9,14.7,18.1,21.7,24.7,25.2,18.3,20.8,22.3,23.8,24.8,19.7,21.6,22.6,23.5,24.1,221.7,425.2,521.5,570.2,602.9
Southern Area Coordination Center,SACC,SA27,Y,5,5,7305,18.6,25.8,29.2,31.8,33.4,8.7,14.4,19.0,23.2,26.1,23.4,35.1,45.1,53.3,58.9,9.9,16.4,26.4,35.7,42.6,13.2,16.7,22.0,27.4,30.5,14.8,18.7,22.4,24.9,25.2,18.3,20.8,22.5,23.7,24.6,19.6,21.5,22.5,23.2,23.7,210.6,371.2,459.4,526.1,563.9
Southern Area Coordination Center,SACC,SA28A,Y,3,3,7305,18.1,24.4,27.2,30.1,32.2,8.4,13.4,17.6,21.3,23.7,19.4,29.2,35.6,40.6,43.2,6.1,10.8,15.4,20.1,23.3,12.8,16.0,19.9,25.1,30.4,15.1,18.5,22.1,24.8,25.2,18.7,21.1,22.7,24.0,24.9,20.0,22.0,22.9,23.7,24.3,182.2,351.1,436.0,516.0,555.0
Southern Area Coordination Center,SACC,SA28B,Y,5,5,7305,18.6,24.8,27.5,29.5,31.0,10.9,17.2,21.8,25.9,28.7,13.2,17.2,18.8,20.2,21.3,1.5,2.0,2.3,2.6,2.8,13.2,16.8,22.8,28.4,32.6,14.8,18.4,22.4,24.9,25.2,18.2,20.6,22.1,23.2,24.0,19.5,21.2,22.1,22.7,23.2,162.6,297.2,388.4,442.4,493.7
Southern Area Coordination Center,SACC,SA29,Y,5,5,7305,19.6,25.7,28.4,30.8,32.2,9.3,14.0,17.8,21.1,23.7,21.9,31.8,38.3,43.9,47.7,7.7,12.8,18.6,24.2,28.0,12.4,15.9,19.8,23.9,25.9,14.6,17.6,20.4,22.9,24.5,18.2,20.4,21.9,23.1,24.0,19.7,21.4,22.3,23.1,23.6,207.2,376.5,460.1,526.8,564.7
Southern Area Coordination Center,SACC,SA30,Y,4,4,7305,17.6,23.5,25.7,27.7,29.1,8.6,13.0,16.1,19.3,21.8,17.7,25.0,29.6,33.3,35.4,4.6,8.1,11.1,13.4,14.9,12.8,15.6,20.7,25.0,27.1,15.0,18.1,21.3,23.8,25.1,18.8,21.0,22.5,23.8,24.7,20.3,22.0,23.0,23.8,24.4,195.1,362.3,454.8,520.9,558.4
Southern Area Coordination Center,SACC,SA31A,Y,6,6,7305,18.7,25.2,28.6,31.2,33.0,9.0,14.1,18.9,23.0,26.0,23.4,36.0,45.3,51.5,56.1,9.6,17.7,25.3,32.4,36.7,12.6,15.9,20.1,24.6,27.0,14.7,17.8,21.2,23.8,25.2,18.5,20.7,22.3,23.9,24.9,20.0,21.8,22.7,23.6,24.2,192.3,350.6,439.6,498.3,538.5
Southern Area Coordination Center,SACC,SA31B,Y,5,5,7305,18.3,24.7,27.9,30.4,31.9,8.8,14.0,18.2,22.1,24.6,23.5,36.4,46.8,53.2,57.2,9.8,18.3,27.1,34.5,39.0,12.5,15.2,19.6,23.8,26.7,14.6,17.6,21.4,24.8,26.5,18.7,21.1,22.9,24.7,25.8,20.2,22.3,23.3,24.3,25.1,187.1,357.7,457.8,534.0,580.0
Southern Area Coordination Center,SACC,SA31C,Y,4,4,7305,19.3,26.3,29.9,32.4,34.1,8.8,13.9,18.3,22.5,25.8,22.1,35.1,43.9,49.9,53.4,8.2,15.6,22.9,28.7,32.6,12.2,14.8,19.1,24.8,27.8,14.3,17.2,21.1,24.8,26.6,18.3,20.6,22.4,24.2,25.5,19.8,21.8,22.9,23.8,24.5,208.2,396.0,489.4,557.2,596.0
Southern Area Coordination Center,SACC,SA32,Y,5,5,7305,21.0,27.8,30.7,33.2,34.7,11.1,17.1,21.2,25.5,28.6,26.9,40.5,48.8,56.1,60.5,11.7,19.6,28.7,37.5,43.6,11.5,14.1,18.2,22.7,26.3,14.1,16.6,20.1,23.2,25.2,18.0,20.3,21.9,23.4,24.4,19.6,21.5,22.5,23.3,23.8,229.1,412.4,490.7,558.0,601.0
Southern Area Coordination Center,SACC,SA33,Y,5,5,7305,21.3,27.6,30.3,32.4,34.0,11.2,17.0,20.8,24.2,26.9,28.0,41.1,48.1,53.9,57.6,12.2,20.9,27.8,33.7,38.9,11.3,13.6,16.4,19.7,22.0,14.0,16.5,19.3,22.1,23.9,18.0,20.1,21.5,22.8,23.6,19.5,21.2,22.1,22.8,23.4,267.6,437.4,504.3,544.7,575.0
Southern Area Coordination Center,SACC,SA34,Y,5,5,7305,18.3,24.2,26.7,28.7,29.8,9.5,14.6,18.3,21.8,24.5,25.0,36.8,45.2,51.7,56.0,10.8,18.9,27.2,34.6,39.7,12.1,14.7,17.9,20.8,22.9,14.9,17.7,20.4,23.0,24.6,18.9,21.1,22.6,23.8,24.6,20.4,22.4,23.3,24.1,24.5,252.8,407.1,476.2,523.4,550.2
Southern Area Coordination Center,SACC,SA35,Y,4,4,7305,21.7,28.5,31.3,33.4,34.8,11.5,17.5,21.4,25.0,27.7,26.2,38.1,44.4,49.8,53.3,9.8,16.5,21.6,26.9,30.7,10.9,13.4,16.7,20.6,23.5,13.9,16.3,19.5,22.8,24.5,18.0,20.3,22.0,23.4,24.5,19.6,21.6,22.7,23.5,24.1,263.8,458.6,523.0,577.5,603.5
Southern Area Coordination Center,SACC,SA36,Y,6,6,7305,19.8,25.9,28.4,30.4,31.6,10.2,15.3,18.7,22.2,24.6,25.0,36.0,43.6,49.5,53.0,9.9,16.4,22.8,29.1,34.3,11.4,13.9,16.7,19.8,21.8,14.4,16.9,19.8,22.5,24.1,18.5,20.8,22.3,23.5,24.4,20.1,22.1,23.1,23.9,24.3,286.9,439.1,494.8,541.4,563.4
Southern Area Coordination Center,SACC,SA37,Y,5,5,7305,17.9,23.6,25.9,27.9,29.2,8.6,13.0,16.5,19.9,22.1,23.3,34.1,42.4,48.7,52.6,9.5,16.5,24.2,30.9,35.7,12.2,14.7,17.7,20.4,22.4,14.9,17.5,20.3,22.7,24.3,18.9,21.1,22.6,23.9,24.7,20.5,22.4,23.4,24.2,24.6,274.9,405.8,461.0,494.3,517.4
Southern Area Coordination Center,SACC,SA38,Y,5,5,7305,20.4,26.8,30.0,33.0,34.6,9.7,15.0,18.9,22.3,24.3,23.2,34.6,40.6,45.2,48.2,7.9,13.8,18.4,22.4,25.0,11.5,14.2,17.8,21.4,23.5,14.3,17.1,20.5,23.4,25.1,18.4,20.7,22.5,24.1,25.0,19.9,21.9,23.0,23.9,24.6,295.3,529.0,604.5,658.2,683.8
Southern Area Coordination Center,SACC,SA39,Y,6,6,7305,20.3,26.7,29.8,32.2,33.8,10.8,16.6,20.3,23.8,26.0,25.9,38.3,45.7,51.2,54.2,10.4,17.7,24.1,30.0,34.1,11.2,13.9,16.7,19.5,21.6,14.4,17.2,20.2,23.0,24.6,18.5,20.8,22.5,24.0,24.9,20.0,22.2,23.2,24.0,24.7,311.4,529.8,597.1,640.8,664.6
Southern Area Coordination Center,SACC,SA40,Y,5,5,7305,20.4,26.9,30.1,32.6,33.8,10.2,15.7,19.7,23.0,25.2,25.5,38.8,46.3,51.8,54.8,10.3,18.5,25.8,31.8,34.8,11.4,13.9,17.4,21.0,23.6,14.0,16.6,20.1,23.2,25.1,18.2,20.6,22.4,24.0,25.1,19.7,21.7,22.9,23.8,24.5,246.2,463.2,557.2,613.6,643.6
Southern Area Coordination Center,SACC,SA41,Y,4,4,7305,22.0,28.8,31.6,34.0,35.5,12.9,19.6,23.7,27.7,30.5,29.6,43.7,50.2,55.8,59.0,13.1,22.0,28.9,35.7,40.2,10.7,13.2,16.0,19.3,21.6,13.8,16.3,19.2,22.5,24.1,18.1,20.3,22.0,23.6,24.5,19.6,21.6,22.7,23.6,24.2,296.3,503.2,560.8,608.7,648.0
Southern Area Coordination Center,SACC,SA42,Y,5,5,7305,21.7,28.1,30.6,32.7,34.4,12.9,19.1,23.0,26.5,29.0,30.5,44.2,50.9,56.7,60.1,14.1,23.8,31.0,37.5,42.4,10.7,13.0,15.6,18.1,19.9,13.9,16.3,18.9,21.7,23.4,18.2,20.3,22.0,23.3,24.2,19.7,21.7,22.8,23.6,24.0,332.3,493.8,548.9,595.6,618.8
Southern Area Coordination Center,SACC,SA46,Y,4,4,7305,18.1,23.7,26.1,28.2,29.5,8.6,13.0,16.5,19.6,22.0,22.9,32.8,40.6,46.4,49.7,8.8,15.1,21.5,27.0,31.3,12.2,14.6,17.3,19.9,22.2,14.9,17.5,20.3,22.5,24.2,18.8,21.0,22.5,23.6,24.5,20.3,22.3,23.2,24.0,24.5,318.4,456.8,504.8,535.0,553.2
Southern Area Coordination Center,SACC,SA47,Y,6,6,7305,19.5,25.9,28.6,30.7,31.7,9.4,14.4,17.6,20.5,22.6,23.2,33.9,39.8,43.9,46.2,8.0,13.7,17.9,21.1,23.3,11.6,14.3,16.9,19.3,20.6,14.7,17.6,20.2,22.5,24.2,18.6,20.8,22.4,23.7,24.6,20.1,22.3,23.3,24.0,24.5,345.9,506.5,572.7,617.9,648.0
Southern Area Coordination Center,SACC,SA48,Y,4,4,7305,20.5,26.8,29.5,31.8,33.2,10.5,15.8,19.0,22.2,24.4,24.9,36.3,41.5,45.7,48.2,9.0,15.1,19.1,22.7,25.1,11.1,13.4,15.9,18.3,19.6,14.4,17.0,19.5,21.9,23.3,18.4,20.5,22.0,23.3,24.1,19.9,21.8,22.8,23.6,24.2,385.9,521.5,566.4,598.2,616.7
Southern Area Coordination Center,SACC,SA49,Y,5,5,7305,21.0,26.8,29.4,31.5,32.7,11.6,16.9,20.3,23.3,25.4,28.3,40.2,46.6,51.1,54.0,12.1,20.1,25.9,31.0,34.2,10.9,12.9,14.8,16.6,18.1,14.4,16.6,18.9,20.8,22.2,18.3,20.1,21.4,22.5,23.4,19.6,21.4,22.3,23.1,23.7,423.0,546.6,610.8,646.2,661.2
Southern Area Coordination Center,SACC,SA50,Y,5,5,7305,20.4,25.5,27.8,29.6,30.5,11.6,16.4,19.5,22.1,23.7,30.2,43.5,49.1,54.0,56.7,14.4,24.8,31.8,37.1,41.4,11.2,12.7,14.4,16.2,17.4,14.4,16.3,18.2,20.2,21.6,18.3,19.8,21.0,22.2,23.0,19.6,21.1,22.0,22.7,23.3,453.3,612.0,657.0,681.4,693.8
Southern Area Coordination Center,SACC,SA52A,Y,4,4,7305,18.9,21.9,22.9,23.6,24.3,11.9,14.8,16.2,17.4,18.1,16.5,18.8,19.8,20.6,21.0,2.4,2.9,3.1,3.3,3.5,12.0,13.2,14.1,14.9,15.5,13.4,14.5,15.7,17.0,18.1,18.4,19.4,20.0,20.8,21.5,19.5,20.4,21.0,21.7,22.3,487.5,617.5,655.2,677.0,688.2
Southern California Geographic Area Coordination Center,OSCC,SC01,Y,3,3,7305,33.9,50.1,53.3,55.4,56.7,25.0,43.6,51.8,57.3,61.2,44.4,71.7,78.9,84.4,87.9,22.2,38.5,46.3,52.8,58.1,12.0,21.5,32.6,32.6,32.6,12.7,19.1,25.2,25.2,25.2,14.3,19.1,22.0,23.2,23.2,15.0,18.9,21.3,22.6,23.0,268.9,421.7,506.3,584.2,598.6
Southern California Geographic Area Coordination Center,OSCC,SC02,Y,6,6,7305,27.9,46.0,50.4,53.1,54.5,16.8,31.2,38.0,43.3,46.0,34.1,60.5,67.4,71.5,73.7,15.8,30.9,35.6,39.3,42.3,14.7,28.2,32.6,32.6,32.6,13.9,22.7,25.2,25.2,25.2,15.5,21.3,22.8,23.2,23.3,16.3,20.9,22.2,22.7,22.9,292.9,600.8,649.2,677.6,692.2
Southern California Geographic Area Coordination Center,OSCC,SC03,Y,5,5,7305,31.2,46.5,50.1,52.6,53.9,18.1,30.4,36.1,40.0,43.0,35.4,55.6,60.7,63.6,65.9,14.6,24.6,27.4,29.8,31.4,12.8,21.9,27.5,32.6,32.6,12.8,19.2,22.7,25.1,25.2,14.7,19.1,21.2,22.3,22.8,15.5,19.3,20.7,21.6,22.1,320.4,550.6,604.5,627.0,641.6
Southern California Geographic Area Coordination Center,OSCC,SC04,Y,7,7,7305,35.8,54.2,58.7,61.4,63.4,23.9,43.4,51.6,56.9,60.1,43.1,68.0,75.8,80.6,83.1,19.3,33.7,39.8,44.1,47.3,9.1,13.0,16.4,19.4,21.2,10.8,15.0,17.9,20.3,22.0,14.0,18.8,20.8,22.4,23.5,15.1,20.0,21.3,22.5,23.4,390.5,692.3,724.6,737.9,744.3
Southern California Geographic Area Coordination Center,OSCC,SC05,Y,1,1,7305,29.7,43.5,47.2,49.7,51.1,23.6,40.9,48.1,54.1,58.0,44.0,68.2,76.3,83.5,89.2,23.2,38.1,49.5,60.9,71.1,9.3,12.5,16.4,20.4,23.0,12.2,15.8,18.9,21.5,23.3,16.5,19.9,22.1,23.8,24.7,17.8,21.4,23.1,24.4,25.2,475.7,678.0,713.0,724.0,732.0
Southern California Geographic Area Coordination Center,OSCC,SC06,Y,6,6,7305,38.1,52.9,57.4,60.3,61.9,31.1,51.5,60.9,66.9,70.1,56.3,81.7,89.7,94.9,98.1,32.3,51.0,57.6,63.3,67.3,8.0,11.4,14.5,17.2,19.1,10.2,13.6,16.4,18.7,20.4,13.5,17.2,19.4,21.2,22.3,14.7,18.4,20.0,21.5,22.3,430.0,652.2,684.8,705.5,717.8
Southern California Geographic Area Coordination Center,OSCC,SC07,Y,6,6,7305,29.9,38.6,42.0,45.3,47.5,19.1,28.9,34.7,39.8,43.7,38.8,54.2,59.1,63.1,65.8,17.7,27.3,30.8,33.7,35.6,9.3,11.5,13.9,16.6,18.9,11.9,14.2,16.7,19.7,21.8,15.9,18.3,20.5,22.7,24.0,17.5,19.6,21.5,23.1,24.1,367.7,623.5,665.2,686.6,695.6
Southern California Geographic Area Coordination Center,OSCC,SC08,Y,8,8,7305,34.4,44.8,49.3,52.2,54.0,29.4,46.5,56.2,63.8,68.4,59.0,83.6,94.8,105.0,111.5,40.5,61.7,76.4,92.7,104.3,8.5,11.1,13.6,16.3,18.7,10.5,13.2,15.7,18.3,20.2,14.3,17.1,19.0,20.8,21.9,15.9,18.1,19.7,21.1,22.0,420.7,645.3,684.8,701.0,709.3
Southern California Geographic Area Coordination Center,OSCC,SC09,Y,7,7,7305,40.0,52.3,56.1,58.7,60.0,31.2,48.1,55.0,60.6,63.9,58.1,81.6,88.4,93.3,96.9,35.0,53.6,60.9,68.0,74.0,7.9,10.6,14.3,18.6,21.3,9.7,12.5,15.5,18.5,20.6,12.7,15.6,17.9,20.1,21.2,13.8,16.6,18.3,19.9,21.0,407.8,642.3,677.1,690.6,701.3
Southern California Geographic Area Coordination Center,OSCC,SC10,Y,4,4,7305,38.6,51.0,54.4,56.8,58.2,26.4,40.9,48.0,54.2,57.6,46.9,67.1,73.8,78.7,81.8,21.4,34.4,39.7,43.8,47.4,9.1,11.5,21.5,27.8,31.8,10.5,13.2,19.2,23.1,25.1,12.8,15.7,18.9,21.1,22.1,13.9,16.6,18.5,20.1,21.2,326.2,521.0,563.2,586.5,600.0
Southern California Geographic Area Coordination Center,OSCC,SC11,Y,6,6,7305,37.7,49.9,54.0,56.4,57.8,27.8,43.0,49.9,55.5,59.0,48.5,68.5,74.8,80.1,84.1,23.0,35.0,41.2,47.8,54.7,8.3,10.9,16.0,21.3,24.3,10.1,12.9,17.1,20.4,22.4,13.3,16.6,18.9,20.9,22.1,14.6,17.4,19.2,20.6,22.0,318.9,550.5,612.8,652.0,660.3
Southern California Geographic Area Coordination Center,OSCC,SC13,Y,4,4,7305,53.2,63.3,67.0,69.6,71.2,51.3,71.6,79.4,85.0,88.1,73.7,97.3,106.6,115.0,120.8,43.2,66.2,80.6,94.9,103.9,4.7,6.1,7.5,9.1,10.4,7.0,8.7,10.3,12.0,13.3,9.8,11.7,13.7,15.9,17.4,10.6,12.8,14.8,16.4,17.7,692.8,758.0,770.8,774.5,775.0
Southern California Geographic Area Coordination Center,OSCC,SC14,Y,5,5,7305,48.7,59.8,64.0,66.7,68.2,44.2,65.6,74.8,81.2,84.7,75.4,102.8,113.2,120.5,124.0,50.0,78.8,91.1,100.1,106.5,6.0,7.9,10.4,13.3,15.3,7.9,10.1,12.4,14.8,16.3,10.5,12.9,15.1,17.0,18.1,11.4,13.7,15.6,17.0,17.9,494.9,627.2,652.8,672.2,685.6
Southern California Geographic Area Coordination Center,OSCC,SC15,Y,3,3,7305,44.7,57.1,61.1,63.7,65.3,45.9,70.6,79.5,84.8,88.3,81.5,113.4,124.1,131.6,136.1,63.5,95.4,108.3,121.5,134.4,6.2,8.6,10.9,13.2,14.9,8.6,11.3,13.3,15.2,16.9,11.8,14.7,16.7,18.5,19.6,12.9,15.7,17.3,18.9,19.6,547.8,706.0,731.7,746.7,752.0
Southern California Geographic Area Coordination Center,OSCC,SC16,Y,3,3,7305,49.7,62.8,66.2,68.4,69.9,46.5,71.2,80.2,85.8,89.2,78.4,109.7,122.8,132.6,138.3,53.5,84.8,103.9,120.2,131.1,6.4,7.7,11.5,17.2,24.3,8.2,10.1,13.1,16.8,20.7,10.2,12.8,15.3,17.7,19.4,11.0,13.6,15.5,17.3,18.7,506.8,669.0,697.7,719.3,735.0
Southwest Coordination Center,SWCC,SW01,Y,3,3,7305,33.4,47.9,55.0,59.6,61.9,22.8,38.0,48.4,56.0,60.6,41.1,63.6,74.0,81.8,86.3,20.0,34.0,43.1,51.1,56.5,11.6,17.2,26.6,32.6,32.6,12.2,16.8,22.1,25.2,25.2,14.0,18.1,20.6,22.1,22.8,15.0,18.5,20.2,21.4,21.8,167.5,282.0,372.5,494.0,557.0
Southwest Coordination Center,SWCC,SW02,Y,3,3,7305,45.3,56.3,61.6,65.4,67.6,38.4,56.6,67.4,74.8,79.1,68.5,93.4,103.9,111.8,116.2,43.9,66.7,79.1,89.6,96.4,7.0,8.7,12.3,17.4,22.5,8.7,10.7,13.9,18.0,20.2,11.1,13.9,16.2,18.2,19.6,12.0,14.9,16.5,17.7,18.4,278.9,423.0,478.0,554.3,595.3
Southwest Coordination Center,SWCC,SW04,Y,3,3,7305,31.1,46.6,53.4,58.3,61.2,21.1,35.8,47.9,56.3,61.8,38.2,61.8,74.1,83.1,89.0,18.0,32.0,41.3,49.0,55.1,13.1,24.3,32.6,32.6,32.6,12.8,20.2,25.2,25.2,25.2,14.4,19.5,22.2,23.2,23.2,15.3,19.5,21.5,22.5,22.9,154.1,271.7,315.7,372.9,399.0
Southwest Coordination Center,SWCC,SW05,Y,3,3,7305,33.5,47.2,53.1,57.8,59.9,26.0,42.6,54.1,63.3,67.9,47.5,74.0,86.7,95.5,101.1,26.2,45.1,57.6,67.7,76.2,10.4,15.2,24.8,32.6,32.6,11.9,15.9,21.4,25.2,25.2,14.1,17.8,20.2,21.9,22.5,15.2,18.4,20.0,21.1,21.6,147.5,267.3,351.3,402.7,442.4
Southwest Coordination Center,SWCC,SW06N,Y,2,2,7305,47.8,59.6,65.3,69.1,71.2,42.9,65.6,77.0,84.5,88.3,70.8,98.9,112.2,122.8,127.6,43.2,70.4,85.4,99.1,106.7,6.1,7.9,9.9,12.2,14.8,8.1,10.3,12.4,14.8,17.3,10.7,13.7,16.0,18.1,19.4,11.7,14.9,16.8,18.1,19.0,392.3,598.0,646.0,688.0,703.5
Southwest Coordination Center,SWCC,SW06S,Y,4,4,7305,43.0,54.8,60.6,64.2,66.5,38.6,57.0,67.9,75.7,79.6,61.4,84.9,96.6,104.7,109.7,34.7,53.5,63.9,73.8,81.6,7.3,10.9,13.3,15.1,16.7,9.3,12.5,14.4,16.0,17.3,12.0,15.3,16.9,18.2,19.0,13.1,16.1,17.5,18.5,19.0,382.2,492.0,543.7,581.2,600.8
Southwest Coordination Center,SWCC,SW07,Y,3,3,7305,32.8,46.4,52.4,57.2,59.4,23.6,39.1,50.4,59.6,65.3,43.5,67.7,80.7,90.5,96.1,23.1,39.3,51.6,61.3,68.1,11.5,18.4,25.8,32.6,32.6,12.1,17.4,21.6,25.2,25.2,14.1,18.1,20.6,22.1,22.8,15.1,18.4,20.5,21.3,21.7,172.7,270.7,327.3,355.7,380.3
Southwest Coordination Center,SWCC,SW08,Y,4,4,7305,35.3,48.5,54.9,59.2,61.6,25.6,41.5,53.6,62.3,67.6,46.3,71.3,83.0,92.2,97.5,23.4,40.7,52.3,61.9,70.2,9.7,13.3,20.4,26.6,30.7,11.2,14.8,18.9,22.3,24.2,13.5,17.1,19.0,20.5,21.2,14.6,17.7,19.0,20.0,20.6,145.7,245.5,298.0,335.5,361.2
Southwest Coordination Center,SWCC,SW09,Y,3,3,7305,46.8,57.3,62.6,66.5,68.2,41.1,61.0,73.5,80.8,84.8,71.8,99.1,112.9,123.7,131.3,47.0,74.6,91.8,107.0,118.1,6.2,7.9,9.8,12.4,14.9,8.3,10.3,12.0,14.2,16.2,10.9,13.4,15.1,16.6,17.6,11.9,14.3,15.6,16.7,17.5,468.1,605.0,634.7,656.7,668.3
Southwest Coordination Center,SWCC,SW10,Y,2,2,7305,28.9,42.0,46.9,51.0,53.4,20.8,33.9,44.9,54.6,61.4,39.1,62.9,74.2,83.8,89.7,20.0,35.9,46.2,54.1,60.3,12.7,20.4,31.3,32.6,32.6,13.0,18.2,24.1,25.2,25.2,15.1,18.8,20.8,22.2,22.7,16.2,19.2,20.8,21.5,21.8,120.4,223.0,300.5,356.5,378.5
Southwest Coordination Center,SWCC,SW11,Y,2,2,7305,41.2,52.0,57.2,60.7,62.7,37.1,56.2,68.0,77.2,82.4,69.4,97.4,112.2,123.3,131.4,48.7,77.1,94.9,112.8,123.1,7.7,9.4,13.7,20.5,22.6,9.5,11.7,14.7,18.5,20.2,12.1,14.9,16.7,18.2,19.4,13.3,15.7,16.9,18.0,18.8,357.7,466.0,530.5,613.4,629.5
Southwest Coordination Center,SWCC,SW12,Y,3,3,7305,36.1,47.7,52.6,56.9,59.0,28.4,44.9,56.7,66.7,72.4,53.9,81.7,96.5,108.6,117.1,32.7,56.1,75.1,94.3,105.8,8.7,10.7,15.7,23.8,26.4,10.6,13.1,16.7,20.8,23.3,13.2,16.2,17.9,19.4,20.6,14.4,16.9,18.2,19.4,20.2,179.7,324.7,394.3,425.7,438.7
Southwest Coordination Center,SWCC,SW14N,Y,3,3,7305,43.2,53.0,57.1,60.7,62.6,41.6,61.1,72.7,82.9,88.2,78.7,109.0,124.9,138.6,147.4,61.5,96.7,120.7,141.2,155.9,6.9,8.7,11.3,15.0,18.7,8.8,10.7,13.0,15.9,18.3,11.8,14.3,16.2,17.7,18.7,13.0,15.3,16.6,17.6,18.3,419.2,564.3,629.5,669.9,695.3
